Season,SeedDiff,AvgPtsDiff,AvgORDiff,AvgDRDiff,AvgFTADiff,AvgFTMDiff,TeamA_Won
2010,-9,-1.3607954545454533,-1.691287878787879,6.486742424242426,5.757575757575758,4.4981060606060606,1
2010,-1,-1.5307692307692236,1.23076923076923,2.2435897435897445,0.9461538461538481,-0.22820512820512917,1
2010,-13,8.760416666666664,2.752083333333333,2.927083333333332,1.2229166666666664,-0.18958333333333321,1
2010,-11,0.20860215053762943,-0.4064516129032256,-2.4752688172043023,-1.5548387096774192,-0.43333333333333357,1
2010,-7,-0.14848484848485555,5.251515151515152,-6.8363636363636395,1.0484848484848506,-0.754545454545454,1
2010,-7,-6.938508064516128,2.433467741935484,1.695564516129032,-2.762096774193548,-2.18649193548387,1
2010,-3,5.2803114571746335,-3.437152391546162,-1.50166852057842,-7.736373748609569,-3.470522803114571,1
2010,-1,12.65625,-0.0625,1.71875,-0.09375,1.34375,1
2010,-9,8.664870689655174,-1.7090517241379306,0.8642241379310356,3.022629310344829,3.5969827586206904,1
2010,3,-6.379310344827587,-0.38487208008898754,0.8698553948832028,-1.1179087875417117,-1.2558398220244715,0
2010,7,6.307917888563054,-1.3167155425219956,-2.5630498533724335,-0.5454545454545467,1.4828934506353857,0
2010,9,-4.9375,-2.40625,2.3125,-0.1875,-0.125,0
2010,5,1.0047619047619065,-0.5476190476190474,1.042857142857141,-6.480952380952379,-2.5214285714285705,0
2010,-15,13.78125,3.71875,6.125,1.71875,1.78125,1
2010,15,-7.90625,-0.78125,-1.75,5.84375,4.15625,0
2010,13,-7.271551724137936,-0.6077586206896548,-0.2230603448275872,-4.231681034482758,-3.112068965517242,0
2010,5,0.625,-4.28125,-2.15625,-4.78125,-3.625,1
2010,-15,22.82650862068966,-2.530172413793103,6.556034482758619,-1.5463362068965516,0.8394396551724146,1
2010,-9,-0.5714285714285694,0.5714285714285712,-0.821428571428573,-4.0,-1.678571428571427,1
2010,-3,-11.109677419354838,1.661290322580646,2.339784946236559,0.7602150537634422,-0.456989247311828,1
2010,-15,9.75483870967743,0.8204301075268816,2.4129032258064527,6.239784946236558,2.849462365591396,1
2010,13,-10.198588709677423,-0.35483870967741993,-1.4868951612903238,-2.264112903225808,-1.762096774193548,0
2010,-13,8.885199240986722,-2.5407969639468693,4.44876660341556,2.675521821631879,4.00664136622391,1
2010,-11,-3.0363636363636317,3.33030303030303,1.6484848484848484,-3.6060606060606055,-2.509090909090908,1
2010,5,-8.394153225806448,-0.3125,-6.153225806451612,-7.68649193548387,-5.066532258064516,1
2010,1,9.3125,0.46875,2.75,4.25,4.21875,0
2010,1,-0.5181818181818159,-1.045454545454545,1.3121212121212125,0.8636363636363633,2.672727272727272,0
2010,5,-1.40625,1.96875,1.59375,-2.9375,-0.78125,0
2010,3,3.8387096774193594,3.193548387096774,-0.12903225806451601,2.2258064516129004,2.580645161290324,1
2010,11,11.146627565982406,-0.6285434995112418,0.9736070381231698,-1.3802541544477016,-0.0830889540566968,0
2010,-7,-2.799999999999997,3.4000000000000004,4.5,4.366666666666667,2.966666666666665,0
2010,11,5.951056729699658,1.3426028921023345,-1.3937708565072278,3.0422691879866512,3.788654060066742,0
2010,-1,4.060416666666669,-3.5791666666666675,11.595833333333335,4.466666666666665,3.404166666666667,1
2010,-5,2.214439655172413,3.7532327586206904,0.0765086206896548,-0.6713362068965516,-1.6217672413793096,1
2010,-3,3.9000000000000057,-0.43333333333333357,1.6666666666666643,-0.466666666666665,1.8666666666666671,1
2010,1,-9.251008064516128,0.308467741935484,-1.210685483870968,-0.19959677419354804,-1.15524193548387,1
2010,5,5.560483870967744,0.7137096774193541,1.930443548387096,-2.416330645161292,-0.92741935483871,1
2010,-1,6.48689516129032,-0.03830645161290391,-2.97782258064516,3.78125,3.53024193548387,1
2010,7,-7.6875,-1.875,-4.4375,-1.78125,-0.6875,0
2010,7,-3.3245192307692264,-0.58173076923077,0.07692307692307665,1.5649038461538467,1.4759615384615383,0
2010,-7,19.28125,-2.59375,5.8125,0.71875,1.875,1
2010,-8,-6.638095238095232,0.7142857142857135,4.485714285714284,-1.821428571428573,-1.647619047619047,1
2010,5,-7.562618595825427,2.573055028462999,-3.22296015180266,-4.159392789373811,-4.555028462998104,1
2010,-7,12.033333333333346,-3.0666666666666664,3.5666666666666664,5.600000000000001,5.399999999999999,1
2010,-8,10.488911290322577,1.161290322580646,-0.44858870967741993,3.393145161290324,1.826612903225806,1
2010,8,-4.853219696969703,-2.1657196969696972,-4.358901515151516,-0.27935606060606233,-0.6846590909090917,0
2010,8,2.1143695014662782,-0.7575757575757578,-2.994134897360702,-6.573802541544476,-3.341153470185729,1
2010,3,-2.2898706896551744,-2.6271551724137936,-5.384698275862068,0.3739224137931032,0.5678879310344822,0
2010,3,-2.0,-3.125,3.0625,6.21875,5.375,1
2010,-9,6.206653225806448,3.71875,3.496975806451612,6.12399193548387,3.472782258064516,1
2010,4,-14.157258064516128,0.652217741935484,-5.398185483870968,0.675403225806452,-0.9052419354838701,0
2010,4,9.17686318131257,0.1490545050055605,-2.3292547274749715,-1.6674082313681886,0.04671857619577224,0
2010,-3,15.41517857142857,0.4107142857142865,5.339285714285715,1.602678571428573,0.9330357142857135,1
2010,-4,4.176344086021501,-0.7612903225806456,2.4602150537634415,4.606451612903225,3.8569892473118284,1
2010,3,-3.4937500000000057,1.7541666666666664,-2.4875000000000007,0.34791666666666643,0.22916666666666785,1
2010,-1,5.146780303030297,0.30303030303030276,-2.6089015151515156,3.7518939393939377,2.2840909090909083,0
2010,2,0.5,-5.53125,5.46875,3.84375,4.09375,1
2010,-2,5.366379310344826,-0.4709051724137936,1.5528017241379324,0.5926724137931032,1.6616379310344822,1
2010,-2,6.877083333333331,-1.2750000000000004,3.3583333333333343,-3.5187500000000007,-2.3479166666666664,1
2010,1,2.2092803030302974,0.49053030303030276,-3.2026515151515156,6.720643939393938,4.471590909090908,0
2010,3,-9.25,-0.9375,0.4375,5.71875,4.21875,0
2010,2,-5.428030303030297,-0.5217803030303028,-3.1410984848484844,-0.8768939393939377,-0.8465909090909083,0
2010,0,4.21875,-1.09375,-0.03125,-0.65625,-0.71875,1
2011,-11,16.28631138975966,1.0626959247648902,-1.2528735632183903,3.4691745036572623,3.037617554858933,1
2011,-13,-2.414314516129039,4.066532258064516,-2.43951612903226,-0.0655241935483879,-1.610887096774194,1
2011,7,6.069128787878782,-3.2897727272727266,1.4924242424242422,2.6164772727272734,4.848484848484848,0
2011,5,15.437152391546164,2.2013348164627367,-0.8064516129032242,-4.352614015572858,-3.331479421579532,1
2011,9,-5.451612903225808,-1.21975806451613,2.625,-3.59173387096774,-2.579637096774194,0
2011,-3,-1.3306451612903203,0.29536290322580605,0.10483870967741993,3.101814516129032,1.372983870967742,0
2011,-1,-10.46370967741936,-4.253024193548388,-2.71673387096774,-4.019153225806452,-2.286290322580646,1
2011,7,-1.786764705882348,-1.7150735294117645,-6.1819852941176485,-3.507352941176471,-1.819852941176471,0
2011,-13,20.884652981427166,3.6578690127077227,0.7536656891495568,9.443792766373411,7.236559139784944,1
2011,-9,5.473118279569903,-5.351612903225808,3.088172043010754,-0.3967741935483886,1.0526881720430108,1
2011,5,-2.3870967741935516,0.8387096774193559,1.9677419354838719,2.35483870967742,1.387096774193548,0
2011,1,-2.61592741935484,0.07963709677419395,-1.8487903225806441,1.9324596774193559,0.71875,1
2011,-15,11.122983870967744,0.995967741935484,8.370967741935484,-0.17338709677419217,0.9848790322580641,1
2011,-3,-7.360215053763433,1.0956989247311828,-2.875268817204301,2.1903225806451587,2.801075268817204,0
2011,15,-13.780241935483872,-5.606854838709678,-3.295362903225808,-1.1743951612903238,0.158266129032258,0
2011,11,-4.102150537634415,-0.650537634408602,2.182795698924732,-0.9129032258064527,0.720430107526882,0
2011,-15,23.716856060606062,5.855113636363637,4.552083333333332,5.322916666666668,4.427083333333332,1
2011,-15,20.415719696969703,1.2945075757575761,6.5748106060606055,2.9251893939393945,3.3702651515151523,1
2011,-11,10.733333333333341,8.666666666666666,2.6000000000000014,8.299999999999999,4.800000000000001,1
2011,-7,-7.059523809523803,1.6380952380952376,-3.5880952380952387,2.045238095238096,1.2214285714285715,1
2011,-5,-6.192473118279565,2.5580645161290327,2.3247311827956985,-1.1709677419354847,-1.6999999999999993,1
2011,-3,-0.917025862068968,-0.2909482758620694,-2.4903017241379324,-3.9299568965517224,-3.106681034482758,1
2011,-9,3.412121212121221,3.9424242424242433,3.306060606060605,3.563636363636366,2.3909090909090924,1
2011,11,-17.274193548387103,-2.1602150537634426,-0.04623655913978553,-6.797849462365594,-5.82795698924731,0
2011,-9,-2.2318548387096797,4.89516129032258,-1.1612903225806441,-2.684475806451612,-3.480846774193548,1
2011,5,-5.425403225806448,3.458669354838708,2.481854838709676,2.565524193548388,0.3840725806451619,0
2011,-1,-4.096774193548384,0.6451612903225801,-1.4516129032258043,-5.451612903225808,-6.0,0
2011,3,13.399999999999999,2.1999999999999993,3.4666666666666686,7.200000000000003,4.533333333333333,0
2011,13,-11.526190476190479,-2.8619047619047624,0.4738095238095248,-0.7261904761904745,-0.19285714285714306,0
2011,-1,8.798387096774192,0.66633064516129,5.150201612903224,5.361895161290324,4.324596774193548,0
2011,7,-16.193939393939402,-1.718181818181817,-0.8787878787878789,-4.50909090909091,-5.587878787878788,0
2011,13,-6.9450431034482705,-4.810344827586206,-3.2963362068965516,0.2359913793103452,0.9913793103448274,0
2011,-3,-2.6725317693059623,-0.22873900293255112,-2.473118279569892,-2.4095796676441843,-2.6275659824046933,1
2011,-8,4.26310483870968,6.389112903225806,-2.02016129032258,4.289314516129032,0.872983870967742,1
2011,8,19.99462365591397,0.413978494623656,3.8602150537634436,-3.6870967741935488,-0.8602150537634401,1
2011,-1,-6.911764705882348,-1.3713235294117645,-7.2132352941176485,2.773897058823529,2.148897058823529,0
2011,-8,9.594330400782013,1.4320625610948188,1.0762463343108486,7.411534701857281,6.301075268817202,1
2011,1,-7.454545454545453,4.627272727272727,-3.9757575757575765,-1.9727272727272727,-3.4818181818181806,0
2011,8,-16.645161290322584,-0.32258064516129004,-6.032258064516128,0.38709677419354804,-1.516129032258064,0
2011,7,-13.65120967741936,-4.284274193548388,-5.77923387096774,-1.206653225806452,-0.0675403225806459,0
2011,-8,14.310606060606062,-0.019886363636363313,6.677083333333332,3.447916666666668,4.270833333333332,1
2011,-8,12.14858260019551,1.2854349951124142,4.799608993157381,-1.6705767350928653,-1.3968719452590417,1
2011,1,-9.366666666666667,-3.4666666666666686,-5.466666666666665,-7.666666666666668,-4.4,1
2011,-3,9.125806451612902,-1.6913978494623656,2.1752688172043015,6.13763440860215,5.5,0
2011,5,-3.8825431034482705,-1.4978448275862064,-6.421336206896552,-1.8265086206896548,-0.7273706896551726,1
2011,-3,3.961693548387103,2.974798387096776,-1.324596774193548,5.53326612903226,2.255040322580644,0
2011,5,-18.20000000000001,-5.4,0.5666666666666664,-4.0,-3.333333333333334,0
2011,-1,-7.146627565982413,4.160312805474096,-0.040078201368523025,-2.1456500488758543,-3.508308895405669,0
2011,4,14.63004032258064,2.768145161290322,2.787298387096776,-2.043346774193548,-0.22479838709677402,1
2011,-4,1.9753787878787818,2.0842803030303028,-0.11931818181818343,4.589962121212121,2.427083333333332,1
2011,4,-2.023719165085396,3.6878557874762805,-0.28273244781783546,2.430740037950663,0.36622390891840695,0
2011,3,-6.145833333333329,-5.0875,-2.1104166666666657,0.10624999999999929,1.7270833333333329,0
2011,-4,5.333333333333329,3.1515151515151523,5.454545454545453,5.424242424242426,3.212121212121211,1
2011,-4,14.863636363636367,-1.9909090909090903,7.372727272727271,2.5272727272727273,3.251515151515152,1
2011,1,3.580492424242422,-3.392045454545455,-1.2916666666666679,-3.1827651515151523,-1.2102272727272734,0
2011,4,-13.859139784946237,-0.17526881720430154,2.124731182795699,-3.204301075268816,-3.8000000000000007,0
2011,1,-2.024621212121218,-0.8844696969696972,-4.025568181818183,3.527462121212121,3.427083333333332,1
2011,10,5.225806451612897,1.709677419354838,-3.677419354838708,-3.838709677419356,-2.709677419354838,0
2011,-1,6.853219696969703,-4.361742424242424,3.9810606060606055,-1.6373106060606055,1.2140151515151523,1
2011,-1,1.4272727272727224,-1.7969696969696969,7.199999999999999,4.333333333333336,3.5333333333333314,0
2011,-1,-0.09090909090907928,-2.7272727272727266,3.787878787878789,-5.727272727272727,-3.18181818181818,0
2011,-1,1.3021505376344038,-2.5623655913978496,6.737634408602151,-0.8817204301075243,-0.28387096774193665,0
2011,0,-0.8454545454545581,-1.1303030303030308,2.6848484848484837,3.787878787878789,2.5333333333333314,0
2012,-5,-8.421839080459776,-0.11264367816091791,-3.0701149425287326,-0.2632183908045995,-1.9091954022988507,1
2012,-15,16.31385281385282,1.229437229437229,5.194805194805195,-0.6580086580086579,0.2673160173160163,1
2012,3,-2.155241935483872,0.648185483870968,2.99092741935484,1.140120967741936,0.9112903225806459,0
2012,5,15.315053763440858,2.8236559139784934,1.3043010752688176,0.8913978494623649,1.2193548387096786,1
2012,-1,-14.54017857142857,-5.138392857142858,-4.214285714285715,-4.950892857142858,-3.834821428571429,1
2012,-13,9.61666666666666,1.9023809523809518,-3.3619047619047606,3.43809523809524,1.557142857142857,1
2012,-3,1.483870967741936,0.6451612903225818,-0.06451612903225623,1.774193548387096,2.064516129032258,1
2012,-13,22.936559139784947,6.086021505376342,2.5086021505376337,9.097849462365593,8.109677419354838,1
2012,11,-16.14039408866995,-4.78448275862069,1.3706896551724128,-0.6896551724137936,0.34852216748768505,0
2012,-9,-2.548387096774192,2.387096774193548,-2.1612903225806477,-2.06451612903226,-1.0967741935483861,1
2012,7,7.689583333333331,1.127083333333335,1.4416666666666664,1.2937499999999993,3.252083333333333,0
2012,15,-10.86853448275862,1.612068965517242,-3.8232758620689644,-0.3405172413793096,-0.8523706896551726,0
2012,-13,-6.163440860215047,4.0946236559139795,-0.28387096774193665,3.830107526881722,1.4236559139784948,1
2012,11,-9.457661290322584,-0.1532258064516121,-0.05040322580645196,1.149193548387096,0.2862903225806459,0
2012,1,3.804435483870961,-1.618951612903226,-0.23790322580645196,-3.673387096774192,-2.036290322580646,0
2012,3,-11.833333333333336,1.0,3.6999999999999993,-1.0,-1.2333333333333325,0
2012,-15,24.922348484848484,3.6647727272727266,5.443181818181817,12.004734848484848,8.588068181818183,1
2012,-1,-1.4787878787878839,4.778787878787879,1.1606060606060637,4.145454545454548,-0.8090909090909086,1
2012,11,-13.712701612903231,-2.481854838709678,-2.10282258064516,-2.476814516129032,-4.304435483870968,0
2012,-13,13.99666295884316,9.28476084538376,0.5038932146829822,4.234705228031146,1.9421579532814235,1
2012,1,-7.9258064516129,5.638709677419357,-0.423655913978493,-1.6763440860215049,-3.0935483870967744,1
2012,7,15.25151515151515,-2.112121212121213,0.11818181818181728,-3.1363636363636367,-2.1454545454545464,0
2012,-9,5.875,2.4375,-0.09375,5.75,2.6875,1
2012,5,-3.4937500000000057,-3.7979166666666675,-2.28125,-7.522916666666667,-5.875,1
2012,-7,-3.9868951612903203,-3.35282258064516,1.8427419354838719,1.3699596774193559,0.9112903225806459,1
2012,-9,3.6637931034482705,5.304956896551724,-1.4892241379310356,2.446120689655171,0.1799568965517242,0
2012,15,-10.610240334378261,2.7805642633228853,2.5862068965517224,0.10240334378265459,-1.8223615464994793,0
2012,5,-6.512500000000003,-2.1999999999999993,-4.304166666666667,-5.612500000000001,-3.720833333333333,0
2012,-9,8.129310344827587,-1.09375,0.07219827586206762,1.6422413793103452,1.8394396551724146,1
2012,7,9.262500000000003,1.895833333333334,-3.25,-1.6708333333333343,-1.3416666666666668,0
2012,11,-0.8548387096774164,-2.119959677419354,1.0645161290322598,-5.77016129032258,-3.512096774193548,0
2012,3,-4.258064516129039,1.193548387096774,-3.2903225806451637,-0.032258064516128115,-2.516129032258064,0
2012,-7,18.46117424242425,2.0464015151515156,4.65909090909091,2.8285984848484844,2.9592803030303028,1
2012,8,-1.5230414746543772,-1.4596774193548399,-0.379032258064516,-2.741935483870968,-1.4735023041474644,1
2012,-5,-0.36666666666667425,7.166666666666668,-2.8000000000000007,3.0,0.5999999999999996,1
2012,5,-10.0,-2.806451612903224,-2.870967741935484,-1.5161290322580676,-1.806451612903226,0
2012,-1,5.07560483870968,-2.599798387096774,4.181451612903224,0.980846774193548,3.638104838709678,0
2012,-7,13.0,-0.5625,2.75,-3.75,-0.78125,1
2012,5,-1.7458333333333371,-3.8395833333333336,-1.4812499999999993,-6.389583333333334,-3.883333333333333,0
2012,3,-5.579166666666666,-0.9833333333333325,0.595833333333335,-1.9916666666666671,-1.5083333333333329,0
2012,-8,10.710654936461381,-3.1114369501466292,6.108504398826977,4.558162267839688,4.3753665689149575,1
2012,-5,2.5450500556173523,2.478309232480534,-0.14126807563960142,-0.7975528364849822,-1.7675194660734146,1
2012,1,-10.485416666666666,0.8687500000000004,-0.6750000000000007,-0.21875,-0.34791666666666643,0
2012,-8,3.206451612903237,2.6860215053763454,3.79032258064516,3.124731182795699,4.241935483870968,0
2012,7,-9.787878787878796,2.9696969696969706,2.0606060606060623,-0.6969696969696955,-4.030303030303031,0
2012,1,-13.785560344827587,-1.0625,-3.2284482758620676,-1.9859913793103452,-1.8706896551724146,0
2012,8,0.3125,-0.15625,-0.8125,-3.625,-2.96875,0
2012,3,8.957661290322584,-0.3387096774193541,4.00201612903226,0.16733870967741993,1.300403225806452,0
2012,-3,7.766098484848484,-0.3039772727272734,6.443181818181817,3.1297348484848477,2.9005681818181834,1
2012,-1,13.093437152391552,2.5750834260289217,1.3748609566184662,-1.507230255839822,-1.2836484983314786,1
2012,4,-16.59375,1.15625,-7.75,0.03125,-3.3125,0
2012,9,-6.333333333333343,-4.200000000000001,-1.6999999999999993,-6.600000000000001,-4.633333333333333,0
2012,-3,0.8631138975966621,-0.4848484848484844,-1.1943573667711576,-5.032392894461861,-3.317659352142112,1
2012,9,1.1817204301075321,-2.076344086021507,5.3043010752688176,-5.108602150537635,-2.7806451612903214,0
2012,-1,11.090725806451616,1.1693548387096762,6.304435483870968,1.4395161290322598,2.834677419354838,1
2012,-4,15.138257575757578,5.471590909090908,-0.75,4.304924242424242,3.412878787878789,1
2012,-1,3.5515151515151473,-1.206060606060607,4.618181818181817,1.1151515151515135,1.0484848484848506,1
2012,1,-2.489224137931032,0.1637931034482758,-4.064655172413794,-0.237068965517242,-1.9903017241379306,0
2012,-1,1.8757575757575893,-4.851515151515152,7.342424242424244,-5.881818181818183,-2.8969696969696965,1
2012,1,-0.6725317693059623,2.510263929618768,2.741935483870968,-2.1779081133919824,-2.078201368523951,0
2012,0,1.5473484848484844,-0.5227272727272734,1.4431818181818166,4.473484848484848,2.0880681818181834,1
2012,0,-3.3333333333333286,-1.3939393939393927,1.90909090909091,-6.757575757575758,-5.484848484848486,0
2012,0,-1.0909090909090935,-0.18181818181818166,4.818181818181817,-0.3939393939393945,-1.6060606060606055,1
2013,-13,4.032258064516128,4.64516129032258,4.290322580645164,7.612903225806452,3.451612903225806,1
2013,-15,16.160984848484844,0.84375,0.02840909090908994,-0.8797348484848477,0.4261363636363633,1
2013,3,-6.225806451612897,-7.580645161290322,-1.1935483870967758,-8.580645161290322,-5.70967741935484,1
2013,-9,1.6827956989247355,1.7075268817204297,-0.8139784946236581,0.5311827956989248,-0.5354838709677416,1
2013,7,2.017137096774192,4.125,-3.831653225806452,-1.6693548387096762,-4.12399193548387,0
2013,-7,-3.7150537634408636,3.762365591397849,1.065591397849463,0.5709677419354833,0.33440860215053725,0
2013,-9,4.809475806451616,1.768145161290322,2.174395161290324,-1.266129032258064,0.8235887096774199,1
2013,7,2.15625,-4.03125,-3.03125,2.78125,3.90625,0
2013,5,1.5211693548387046,1.017137096774194,-1.085685483870968,1.608870967741936,-0.6360887096774199,0
2013,5,1.90625,2.78125,-1.375,-1.875,-1.6875,0
2013,9,6.603830645161288,-5.414314516129032,1.9828629032258078,-4.123991935483872,0.89616935483871,0
2013,3,4.129032258064527,2.838709677419356,5.677419354838708,-1.612903225806452,-1.612903225806452,1
2013,13,-8.836484983314804,-3.385984427141267,-4.672969966629587,-3.3759733036707438,-3.146829810901002,0
2013,-11,8.424242424242422,2.242424242424242,3.81818181818182,-0.1212121212121211,-0.30303030303030276,1
2013,11,2.0443548387096797,-4.432459677419354,-2.193548387096776,-3.106854838709678,-1.48891129032258,0
2013,1,-1.7096774193548328,0.09677419354838612,0.25806451612903203,-2.806451612903224,-1.870967741935484,0
2013,-15,21.161290322580648,1.4887585532746819,6.495601173020525,2.9794721407624607,2.2678396871945257,1
2013,-3,14.713793103448268,1.1793103448275861,3.1919540229885044,-1.7264367816091948,-0.6551724137931032,1
2013,-5,2.6515151515151416,-1.033333333333335,3.4121212121212103,-0.1999999999999993,1.5909090909090917,1
2013,-13,11.078598484848484,-1.3598484848484844,1.7196969696969688,-2.912878787878789,-0.6893939393939394,1
2013,-1,4.014976958525338,-1.8294930875576032,-3.2350230414746513,3.7695852534562206,3.3652073732718897,1
2013,1,2.3931451612903203,-4.379032258064516,-0.6028225806451601,-2.711693548387096,-0.9969758064516121,1
2013,-13,17.9375,4.375,-2.34375,5.5625,5.28125,1
2013,-7,3.71875,-0.625,-0.4375,1.75,1.0,1
2013,-5,1.035483870967738,4.627956989247313,-0.10000000000000142,5.7827956989247316,4.192473118279571,1
2013,-1,1.225806451612904,0.935483870967742,-0.0967741935483879,2.161290322580646,1.967741935483871,1
2013,11,-1.8137254901960773,-1.7333333333333325,-0.2117647058823522,-5.725490196078432,-3.166666666666666,0
2013,-15,7.571022727272734,6.082386363636363,2.6988636363636367,6.257575757575758,5.422348484848484,1
2013,3,-2.6219758064516157,-1.241935483870968,-0.3608870967741922,-0.7258064516129039,-1.859879032258064,0
2013,11,-5.3709677419354875,-0.8666666666666671,0.6967741935483893,-3.1999999999999993,-3.511827956989247,0
2013,9,3.1532258064516157,6.232862903225808,3.467741935483872,3.046370967741936,1.169354838709678,0
2013,-15,8.164772727272734,0.9678030303030312,3.0142045454545467,-3.9848484848484844,-1.621212121212121,1
2013,-8,2.322580645161281,1.0322580645161281,-1.3548387096774164,3.161290322580644,0.7096774193548381,1
2013,-7,15.267839687194524,1.387096774193548,2.897360703812314,-3.783968719452588,-2.3137829912023467,1
2013,-1,-0.9354838709677438,4.774193548387096,-3.193548387096776,0.6451612903225836,-1.903225806451612,1
2013,8,8.48924731182796,-4.891397849462365,1.4182795698924728,-5.667741935483871,-0.6892473118279572,1
2013,-1,13.621975806451616,1.986895161290322,1.3618951612903238,4.140120967741936,3.72983870967742,1
2013,3,-2.707722385141736,0.05767350928641157,0.3479960899315735,0.09188660801563842,1.2639296187683282,1
2013,3,5.125,-4.09375,1.40625,0.875,1.5,1
2013,8,-11.58064516129032,-4.96774193548387,-3.580645161290324,-7.483870967741934,-5.903225806451614,0
2013,-7,4.806451612903231,-0.3176930596285441,4.624633431085041,-0.6656891495601194,-1.4095796676441843,1
2013,3,-2.328877005347593,-1.0,-0.6996434937611404,-6.392156862745097,-2.242424242424242,1
2013,-5,1.6905241935483843,-0.616935483870968,1.2016129032258078,1.649193548387096,0.7338709677419359,1
2013,5,-1.0237068965517295,-2.2144396551724146,5.914870689655171,-1.7618534482758612,-0.9051724137931032,0
2013,1,3.625,2.4375,-2.03125,0.65625,-0.9375,1
2013,3,-4.564516129032256,-0.7053763440860212,-1.3999999999999986,1.3161290322580648,0.3591397849462368,1
2013,8,-13.03125,-4.96875,-0.375,-5.4375,-5.03125,0
2013,7,-9.953079178885638,-2.7399804496578692,-4.932551319648095,-3.7086999022482896,-2.556207233626589,0
2013,-4,2.6451612903225765,3.96774193548387,1.1935483870967758,0.741935483870968,-1.4516129032258078,1
2013,-3,5.9452590420332285,-1.580645161290322,0.5102639296187661,-3.3323558162267837,-1.9912023460410566,1
2013,3,-4.21114369501467,2.743890518084065,-4.126099706744871,1.5493646138807442,0.1857282502443791,1
2013,4,-9.619318181818187,-1.59375,3.368371212121211,-0.30208333333333215,0.5075757575757578,0
2013,-4,8.271169354838705,1.673387096774194,0.008064516129032029,1.358870967741936,0.8951612903225801,1
2013,-4,9.625,-1.2320075757575761,6.349431818181817,1.7244318181818166,0.5359848484848477,0
2013,11,-11.677083333333329,-4.352083333333333,-1.095833333333335,-4.199999999999999,-5.304166666666667,0
2013,4,-5.3709677419354875,-3.403225806451612,-0.33568548387096797,0.014112903225807827,-0.527217741935484,0
2013,-2,5.064516129032256,2.35483870967742,0.7741935483870996,4.193548387096772,1.709677419354838,1
2013,-1,5.410984848484844,-2.59375,6.24715909090909,-3.8172348484848477,-1.8863636363636367,1
2013,3,-6.4959677419354875,-0.2469758064516121,-5.273185483870968,-0.4546370967741922,-1.558467741935484,1
2013,1,-5.25,-1.59375,-0.3125,-4.625,-4.6875,0
2013,0,1.0047348484848442,-2.71875,2.02840909090909,-7.348484848484848,-6.573863636363637,1
2013,-3,0.2056451612903203,3.472782258064516,2.724798387096776,3.164314516129032,0.4616935483870961,0
2013,-4,10.473484848484844,-0.65625,5.62215909090909,-3.9422348484848477,-1.9488636363636367,1
2014,1,-1.964516129032262,2.8516129032258064,1.2204301075268802,3.7698924731182792,1.1698924731182796,1
2014,-13,10.9375,4.301136363636363,5.676136363636363,2.4573863636363633,1.8522727272727266,1
2014,7,-3.3125,-2.3125,6.71875,4.78125,3.34375,1
2014,-3,3.4000000000000057,3.3499999999999996,1.3000000000000007,9.772916666666667,5.7354166666666675,1
2014,-3,6.946022727272734,2.3589015151515156,-3.3323863636363633,-2.5776515151515156,-3.3901515151515156,1
2014,-13,11.08617424242425,-0.4147727272727266,0.43560606060606233,0.9384469696969688,-0.08901515151515227,1
2014,3,-3.086021505376351,5.080645161290322,-1.1279569892473091,-0.8172043010752681,-3.902150537634407,1
2014,-11,-2.474431818181813,1.8863636363636367,2.3797348484848477,0.6193181818181834,-0.9081439393939377,1
2014,9,-5.512903225806454,0.0,-3.554838709677419,0.27096774193548256,-0.7612903225806456,0
2014,-15,16.59375,-1.0,0.9375,0.6875,2.0625,1
2014,7,-0.5395894428152559,-4.284457478005866,-2.3822091886607986,-1.428152492668623,-1.2854349951124142,0
2014,9,8.190211345939929,0.4460511679644057,1.8453837597330356,1.4249165739710783,0.9143492769744164,0
2014,-1,-0.4926470588235361,0.022058823529411242,-0.17463235294117752,1.1452205882352935,0.086397058823529,1
2014,13,-2.1937499999999943,0.4875000000000007,-4.287500000000001,6.15625,5.770833333333332,0
2014,5,-3.202620967741936,-5.144153225806452,1.8881048387096762,-2.253024193548388,-1.653225806451612,0
2014,15,-15.06653225806452,-6.115927419354838,-5.46875,-3.755040322580644,-3.579637096774194,0
2014,-15,17.38330170777988,-2.4876660341555983,6.5360531309297905,-8.721062618595827,-5.119544592030362,1
2014,-5,6.869892473118284,1.9419354838709673,5.800000000000001,-0.6075268817204282,0.7720430107526894,0
2014,-5,6.071301247771828,3.2245989304812834,-0.7807486631016047,-0.6069518716577527,-0.5347593582887722,1
2014,-5,0.27272727272726627,0.5454545454545432,-3.0606060606060623,-1.5757575757575744,-2.1515151515151523,0
2014,11,-5.140417457305503,-3.0151802656546476,2.663187855787477,-4.029411764705884,-2.092979127134724,0
2014,3,10.096774193548384,3.419354838709678,2.322580645161292,2.64516129032258,0.7741935483870961,0
2014,9,-17.489247311827967,-2.6860215053763454,-3.033333333333335,-0.8935483870967751,-0.7838709677419367,0
2014,7,-2.3568548387096797,6.081653225806452,-1.3538306451612918,6.558467741935484,2.324596774193548,0
2014,-9,-3.915933528836746,4.204301075268818,3.0146627565982413,-0.69403714565005,-2.474095796676444,1
2014,-1,-2.643939393939391,2.6657196969696972,-4.642045454545453,5.823863636363637,3.2026515151515156,0
2014,-11,4.334051724137936,1.7607758620689662,5.84051724137931,3.6325431034482776,4.53125,1
2014,15,-4.662298387096769,2.439516129032258,-1.835685483870968,-10.77923387096774,-6.875,0
2014,-1,-5.870967741935473,4.0,-1.5806451612903238,-0.38709677419354804,-3.451612903225806,0
2014,7,-4.419642857142861,-3.28125,-0.616071428571427,1.647321428571427,1.7142857142857135,0
2014,11,-1.3879310344827616,1.493534482758621,0.3502155172413808,6.793103448275861,5.545258620689655,0
2014,13,-2.0975378787878753,0.4450757575757578,-1.535037878787879,-3.4573863636363633,-2.7623106060606055,0
2014,-5,13.599999999999994,2.7636363636363637,0.5636363636363626,0.4969696969696962,1.9606060606060591,1
2014,8,-3.2379032258064484,0.46875,1.33266129032258,4.777217741935484,2.276209677419354,1
2014,5,3.4848484848484844,0.2424242424242422,-3.4242424242424256,0.5151515151515156,0.6363636363636367,1
2014,-3,7.859879032258064,-0.36290322580645196,1.9506048387096762,6.340725806451612,3.128024193548388,1
2014,8,-16.689516129032256,0.38911290322580605,-3.737903225806452,3.340725806451612,0.6844758064516121,0
2014,1,-3.6484983314794164,0.6073414905450498,1.9098998887652918,-1.3492769744160178,-3.1179087875417135,1
2014,8,-7.01310483870968,2.768145161290322,-4.848790322580644,2.672379032258064,1.002016129032258,0
2014,7,-12.3125,-4.03125,-3.9375,-0.625,-2.0625,0
2014,-8,10.480075901328277,0.8671726755218216,4.0521821631878545,-1.979127134724859,-2.280834914611006,1
2014,3,-0.235294117647058,-4.588235294117647,-2.088235294117645,-1.0,0.9411764705882355,0
2014,5,-4.265884652981427,0.33822091886607986,-2.7174975562072348,-4.331378299120235,-2.6060606060606055,1
2014,-1,13.604166666666671,0.7354166666666675,-1.904166666666665,1.1687499999999993,2.0500000000000007,1
2014,1,-7.277614858260023,-2.946236559139786,2.0498533724340184,-4.628543499511242,-2.2355816226783958,0
2014,8,-0.7997775305895516,-3.190211345939934,-4.96551724137931,-1.6395995550611815,-2.838709677419356,0
2014,8,-2.9435483870967687,1.095766129032258,1.445564516129032,-8.12298387096774,-5.6875,0
2014,8,4.931818181818187,2.9564393939393945,0.43276515151515227,1.09090909090909,1.5776515151515156,0
2014,-1,2.65625,1.1136363636363633,3.8323863636363633,-1.0738636363636367,0.6960227272727266,1
2014,11,-10.330882352941174,-0.23713235294117574,-0.10661764705882248,7.788602941176471,5.202205882352942,0
2014,-4,15.721774193548384,-0.13104838709677402,0.3185483870967758,1.4979838709677402,2.509072580645162,1
2014,4,13.477272727272734,1.0776515151515156,-3.0823863636363633,1.4848484848484844,0.5473484848484844,0
2014,-4,9.269449715370015,0.5958254269449714,3.691650853889943,0.9971537001897559,-0.29411764705882426,1
2014,3,4.229166666666671,-1.1395833333333325,-1.435416666666665,-1.8937500000000007,-0.7312499999999993,1
2014,3,7.503421309872934,3.397849462365592,-1.4692082111436946,-3.1779081133919824,-2.1515151515151523,1
2014,1,-1.697198275862064,1.6357758620689662,-0.7219827586206904,5.570043103448278,5.9375,0
2014,-2,12.455882352941174,-1.7316176470588243,3.0753676470588225,-3.882352941176471,-1.702205882352942,1
2014,1,-2.625,3.3011363636363633,2.2386363636363633,2.8011363636363633,1.5085227272727266,0
2014,-1,-4.2843137254902075,-0.090196078431374,-0.180392156862748,1.3294117647058847,-0.594117647058825,0
2014,2,3.1032196969697026,2.520833333333334,-3.4147727272727266,4.913825757575758,2.7859848484848477,0
2014,-1,5.112132352941174,-1.1066176470588243,0.10661764705882248,-2.726102941176471,-0.827205882352942,1
2014,3,-3.4583333333333286,1.2041666666666675,-0.09166666666666501,-0.8625000000000007,-0.9187499999999993,0
2014,0,-3.919117647058826,-2.3566176470588243,2.6691176470588225,-5.444852941176471,-3.983455882352942,1
2015,3,-12.022580645161298,2.463440860215055,0.44946236559139763,2.710752688172043,0.9290322580645167,1
2015,-13,20.33646812957158,5.459770114942527,5.538140020898641,4.644723092998955,2.6969696969696972,1
2015,-9,5.137310606060609,-0.06344696969696884,4.8314393939393945,4.670454545454545,1.2253787878787872,1
2015,-3,6.274193548387103,2.2731182795698928,1.1086021505376351,4.1688172043010745,2.4290322580645167,1
2015,1,10.475378787878782,1.8494318181818183,-5.585227272727273,-2.34375,-2.694128787878787,1
2015,9,-1.3679435483871032,-2.846774193548388,-6.302419354838708,0.7318548387096762,0.8719758064516121,0
2015,-5,1.3548387096774093,3.161290322580646,4.096774193548388,-2.451612903225808,-3.483870967741936,0
2015,11,-16.46270161290323,-2.857862903225806,-0.5967741935483879,-2.673387096774192,-1.951612903225806,0
2015,-13,7.00833333333334,0.7937499999999993,0.9729166666666664,5.152083333333334,4.583333333333334,1
2015,5,-8.068548387096769,4.089717741935484,-3.31048387096774,-1.7641129032258078,-3.391129032258064,1
2015,-7,9.65625,4.65625,-0.3125,7.4375,6.15625,1
2015,15,-15.575757575757578,0.4575757575757571,1.3090909090909086,-3.5969696969696976,-3.4060606060606062,0
2015,-11,-0.05172413793103203,-0.6616379310344822,3.571120689655171,-6.109913793103448,-6.209051724137931,1
2015,15,-13.979525862068968,-1.7155172413793096,-3.8512931034482776,-3.714439655172413,-3.118534482758621,0
2015,1,-2.4021505376344123,-6.20752688172043,5.473118279569892,-5.4483870967741925,-2.483870967741936,0
2015,-7,-7.908088235294116,-0.04963235294117574,3.694852941176471,-1.5514705882352935,-0.9632352941176467,1
2015,-11,-2.320564516129039,2.182459677419354,-3.557459677419356,-1.1159274193548399,0.2197580645161299,1
2015,5,-1.59375,-1.28125,-4.5625,-0.6875,-0.46875,1
2015,-15,29.42424242424243,4.0606060606060606,7.424242424242426,0.787878787878789,-0.21212121212121282,1
2015,-3,7.4193548387096655,-3.838709677419356,-2.516129032258064,1.9354838709677402,2.419354838709676,1
2015,13,-15.298701298701303,-3.001082251082252,1.571428571428573,3.6850649350649363,2.067099567099566,0
2015,11,-4.903225806451616,-5.935483870967742,0.06451612903225623,-3.0322580645161317,-0.6451612903225801,0
2015,-15,8.292824074074076,2.0972222222222214,2.6261574074074083,2.416666666666668,2.778935185185185,1
2015,9,-8.21875,1.0625,0.75,-2.53125,0.0,0
2015,7,-4.885416666666671,4.8731060606060606,-0.5056818181818166,1.8731060606060623,0.7651515151515156,0
2015,-7,-4.898481973434528,-2.251423149905122,-2.0075901328273247,-0.6878557874762805,-0.7808349146110061,1
2015,-3,-3.15625,-3.154166666666667,-4.100000000000001,-2.3812500000000014,-2.033333333333333,0
2015,-1,6.090322580645164,0.4924731182795714,4.4107526881720425,-0.7021505376344059,-0.7817204301075265,1
2015,-1,-7.074291300097741,-0.04692082111436946,-1.6656891495601194,-3.274682306940372,-1.7497556207233629,1
2015,5,-8.61515151515151,0.6000000000000014,-7.878787878787879,-1.1969696969696955,-2.0969696969696976,0
2015,9,-1.5331439393939377,2.714962121212121,0.8664772727272734,-0.6448863636363633,-0.3314393939393945,0
2015,13,-1.0812499999999972,-0.3874999999999993,-0.5562499999999986,-2.216666666666665,-2.28125,0
2015,8,-19.760606060606065,-1.299999999999999,-2.915151515151514,-1.5424242424242394,-1.8969696969696965,0
2015,5,1.3991935483871032,-2.787298387096774,3.835685483870968,-3.78326612903226,-1.120967741935484,1
2015,-1,-3.382056451612897,-1.028225806451612,5.333669354838708,-4.294354838709676,-3.621975806451612,1
2015,8,-1.0934371523915445,1.8854282536151281,-4.726362625139043,5.269187986651836,5.3804226918798665,1
2015,-8,13.0,-2.419354838709678,0.032258064516128115,0.0,0.9677419354838701,1
2015,8,5.5454545454545325,2.575757575757576,-3.3636363636363633,-4.363636363636363,-4.727272727272727,0
2015,-7,6.064583333333331,-2.6833333333333336,3.104166666666668,0.19375000000000142,0.1875,1
2015,-1,1.46875,-2.25,-0.875,-1.0,-1.6875,0
2015,-8,2.65625,1.375,0.40625,-0.40625,0.46875,1
2015,-7,20.95307917888563,0.1378299120234594,4.120234604105573,-0.3313782991202334,0.1133919843597262,1
2015,5,-4.049853372434029,-7.55522971652004,-2.129032258064516,-1.3782991202346047,0.32746823069403597,0
2015,-3,1.5063538611925793,0.49462365591397983,-3.631476050830887,2.3460410557184765,-0.030303030303031164,1
2015,-7,4.418750000000003,3.6083333333333325,-2.5145833333333343,3.5166666666666657,3.8270833333333325,1
2015,-1,-5.197916666666671,2.9981060606060606,-2.0369318181818166,1.7481060606060623,-0.10984848484848442,1
2015,1,4.544477028347998,0.605083088954057,-1.1466275659824028,3.5073313782991207,2.0899315738025415,0
2015,8,-5.28125,-1.7208333333333332,0.4437500000000014,-3.1499999999999986,-3.247916666666667,0
2015,-1,0.254154447702831,3.21505376344086,4.75171065493646,4.027370478983382,2.245356793743891,1
2015,1,-7.789772727272734,-4.0501893939393945,-3.71875,-1.0426136363636367,0.6117424242424239,0
2015,-3,12.303030303030312,1.3636363636363633,1.3636363636363633,4.0,3.545454545454545,1
2015,3,-0.0625,0.1875,-0.65625,0.59375,0.1875,0
2015,-4,21.664772727272734,-0.7926136363636367,2.3238636363636367,-3.4886363636363633,-1.8825757575757578,1
2015,4,2.4193548387096797,-1.35483870967742,2.161290322580644,0.22580645161290036,2.129032258064516,1
2015,3,-9.444556451612897,0.2217741935483879,2.458669354838708,-0.16935483870967616,-1.496975806451612,0
2015,9,-0.4264112903225765,-1.026209677419354,-0.6239919354838719,0.3467741935483879,0.7026209677419359,0
2015,1,-1.181818181818187,1.4242424242424239,1.7575757575757578,1.212121212121211,-0.2424242424242422,0
2015,1,0.19602272727273373,2.6439393939393945,-0.4375,-1.4573863636363633,-1.6117424242424239,0
2015,-6,13.95307917888563,-0.44281524926686266,1.8944281524926687,-6.2991202346041035,-4.886608015640274,1
2015,-1,8.4375,0.6875,0.5625,1.0,0.8125,1
2015,0,9.508522727272734,-2.5113636363636367,3.4176136363636367,-5.113636363636363,-4.351325757575758,1
2015,0,5.711174242424249,-1.5075757575757578,0.6534090909090899,0.2698863636363633,1.7518939393939394,1
2015,0,8.484848484848484,0.1212121212121211,2.5454545454545467,-5.727272727272727,-4.696969696969697,1
2016,7,-6.967741935483872,-3.1161290322580655,-0.9215053763440864,-3.0344086021505383,-1.6043010752688165,1
2016,-13,-5.35138248847926,1.3559907834101388,-1.6394009216589858,-0.18317972350230427,0.4976958525345623,1
2016,1,-4.806451612903224,2.795362903225806,-3.598790322580644,-2.753024193548388,-2.347782258064516,1
2016,-15,2.4449715370018907,1.101518026565465,1.7571157495256173,3.755218216318788,1.813092979127136,1
2016,-5,11.500946969696969,-3.2234848484848477,-3.7594696969696955,-4.477272727272727,-3.0738636363636367,1
2016,-1,6.512500000000003,8.71875,4.041666666666668,-0.01875000000000071,0.42916666666666714,0
2016,11,-8.348379629629626,-2.445601851851851,1.387731481481481,-0.5763888888888893,0.14351851851851904,0
2016,9,-1.4270833333333286,-0.8229166666666661,0.9624999999999986,-2.7062500000000007,-2.945833333333333,0
2016,7,-12.274682306940377,-6.869012707722385,1.8123167155425222,-6.363636363636363,-4.89345063538612,0
2016,11,-25.707722385141736,3.9902248289345064,-0.7126099706744853,-3.5210166177908118,-4.582600195503421,0
2016,-13,-12.989583333333329,-3.8000000000000007,5.962499999999999,-6.962499999999999,-5.439583333333335,1
2016,15,-9.364583333333329,2.852083333333333,-1.5187500000000007,-5.962499999999999,-4.658333333333333,0
2016,-3,1.9666666666666686,6.0,-0.6000000000000014,3.0999999999999996,0.0,0
2016,9,-1.8291666666666657,-4.581250000000001,2.8791666666666664,-2.2437499999999986,-0.8833333333333329,0
2016,-3,-1.5,2.46875,1.75,2.71875,2.65625,1
2016,5,5.848484848484844,0.9880952380952372,3.1818181818181834,0.20454545454545325,1.370129870129869,0
2016,-15,25.17540322580645,-0.5443548387096779,4.574596774193548,-1.200604838709678,0.860887096774194,1
2016,1,-1.774193548387089,0.6451612903225818,2.0,-1.387096774193548,-0.548387096774194,1
2016,-7,3.96875,2.470833333333333,1.2562500000000014,-1.8604166666666657,-2.0791666666666675,1
2016,-1,-7.803225806451621,3.268817204301076,-0.4440860215053739,-5.774193548387096,-5.4698924731182785,0
2016,-11,6.833333333333329,-1.6333333333333329,0.46666666666666856,-2.8000000000000007,-1.7333333333333325,1
2016,13,-21.412655971479502,-1.3048128342245988,-5.092691622103388,-2.5846702317290546,-2.6880570409982187,0
2016,-3,1.1268817204301058,0.30107526881720403,-1.6645161290322612,3.040860215053762,1.1806451612903217,0
2016,15,-16.64732142857143,3.852678571428571,-2.7633928571428577,-2.383928571428573,-2.571428571428571,0
2016,-5,2.193548387096783,-0.2903225806451619,2.741935483870968,2.0,0.6774193548387082,1
2016,-7,0.59375,0.875,-0.875,0.875,-0.4375,0
2016,5,-6.189583333333331,-3.9541666666666675,-2.252083333333335,-5.414583333333333,-5.185416666666667,0
2016,9,4.381720430107521,-2.0150537634408607,-1.9677419354838719,3.3817204301075243,3.468817204301075,0
2016,13,-7.474137931034484,-0.5625,0.9364224137931032,2.774784482758619,1.6551724137931032,0
2016,9,-0.8937499999999972,0.37083333333333357,0.3249999999999993,0.9583333333333321,0.8187499999999996,0
2016,11,-9.341733870967744,-1.9375,0.8699596774193559,-0.20262096774193594,-0.11693548387096797,0
2016,3,-8.581018518518519,2.4421296296296298,-1.7638888888888893,-1.8425925925925917,-3.016203703703704,0
2016,8,-15.541745730550282,-1.166034155597723,-9.337760910815938,-5.626185958254272,-4.393738140417458,0
2016,3,9.250946969696969,-1.4422348484848477,2.2092803030303045,-5.414772727272727,-4.011363636363637,1
2016,-1,5.851325757575751,-2.374053030303031,5.34659090909091,0.5426136363636367,1.1609848484848477,0
2016,-3,16.52590420332355,-2.172043010752688,-1.5601173020527845,0.5513196480938412,2.3401759530791786,1
2016,-8,3.34375,3.833333333333334,3.195833333333333,0.10416666666666607,-0.33958333333333357,1
2016,8,-8.231250000000003,-3.28125,-1.3854166666666679,-6.262499999999999,-4.491666666666667,0
2016,8,-1.0302419354838719,-3.797379032258064,1.45766129032258,0.6885080645161281,0.879032258064516,0
2016,-5,-1.4808467741935516,-1.32258064516129,-2.907258064516128,-1.321572580645162,-0.5826612903225801,0
2016,-8,16.14314516129032,-0.673387096774194,-0.683467741935484,-2.974798387096776,-1.300403225806452,1
2016,1,3.200000000000003,1.4666666666666668,-0.1999999999999993,-0.9333333333333336,-1.1666666666666679,1
2016,-3,4.041935483870958,0.8333333333333339,-0.23655913978494425,-0.6494623655913969,-0.44086021505376216,1
2016,8,-7.315524193548384,0.09576612903225801,-1.2288306451612918,0.9616935483870961,1.153225806451612,0
2016,8,2.673387096774192,-0.579637096774194,-1.2177419354838719,-2.264112903225808,-1.377016129032258,0
2016,8,-2.683333333333337,-1.895833333333334,-0.11874999999999858,-2.4229166666666657,-0.5999999999999996,0
2016,3,-0.75,-2.75,2.75,-1.9375,0.34375,0
2016,-5,12.967803030303031,5.176136363636363,1.2765151515151523,-1.371212121212121,-1.9185606060606055,0
2016,-3,11.767137096774192,-2.579637096774194,-0.061491935483871885,3.360887096774192,2.685483870967742,0
2016,-3,1.46875,-4.5,4.53125,5.71875,3.875,0
2016,-4,21.583669354838705,-3.838709677419354,0.38306451612903203,2.065524193548388,2.675403225806452,0
2016,-4,3.237499999999997,2.645833333333334,-2.208333333333332,0.6166666666666671,-0.9791666666666661,0
2016,-4,3.735294117647058,-0.9156862745098042,5.576470588235292,2.7960784313725497,1.5313725490196095,1
2016,-4,17.32007575757575,-4.155303030303031,5.09659090909091,-5.144886363636363,-2.8390151515151523,1
2016,4,14.125946969696969,2.1515151515151523,-6.2594696969696955,-1.1647727272727266,-1.2301136363636367,0
2016,-1,-3.65625,-2.375,0.75,-0.5625,-0.375,1
2016,-3,6.96875,2.28125,-2.6875,1.3125,0.3125,1
2016,-3,-3.610887096774192,3.360887096774194,-0.9072580645161281,-0.7983870967741922,-2.247983870967742,0
2016,-1,16.8125,-0.6875,0.46875,-5.9375,-2.6875,1
2016,-1,10.891544117647058,2.617647058823529,-0.3860294117647065,7.091911764705884,3.670955882352942,0
2016,-1,20.71875,0.875,-3.375,-0.21875,0.71875,1
2016,-3,1.0,7.09375,-5.6875,0.09375,-2.0625,1
2016,-3,15.5,-4.40625,5.0,-4.125,-0.9375,1
2017,-1,-10.33064516129032,2.54233870967742,-5.19657258064516,3.09576612903226,1.060483870967742,1
2017,-3,-4.345833333333331,-2.760416666666666,0.11250000000000071,-8.09375,-4.160416666666666,1
2017,-3,14.01564027370479,1.3147605083088951,3.6520039100684265,-1.0459433040078192,-0.932551319648093,1
2017,-11,1.5774193548387103,3.1215053763440874,0.19784946236559264,1.7677419354838726,0.13763440860215148,1
2017,9,6.612903225806448,1.935483870967742,5.032258064516128,0.16129032258064768,-0.35483870967741993,0
2017,11,-22.28125,-5.96875,0.5,-3.15625,-1.40625,0
2017,-13,-5.981818181818184,-5.278787878787879,-7.3030303030303045,-0.7181818181818187,-0.9757575757575747,1
2017,-5,-4.227822580645167,-3.255040322580646,-1.621975806451612,2.121975806451612,2.63608870967742,1
2017,5,-8.296774193548387,1.080645161290322,-7.464516129032258,-3.059139784946236,-2.0569892473118294,0
2017,-15,16.35777126099707,1.0087976539589434,2.9247311827957,1.8611925708699903,2.050830889540567,1
2017,-7,11.139204545454547,0.32670454545454497,8.822916666666668,3.7660984848484844,1.3210227272727266,1
2017,13,-0.20738636363635976,1.232954545454545,-9.849431818181817,1.9242424242424239,0.639204545454545,0
2017,1,-2.889705882352942,-0.202205882352942,1.0974264705882355,2.7077205882352935,2.1764705882352935,1
2017,-15,13.069556451612897,-0.7943548387096779,2.369959677419356,4.237903225806452,4.029233870967742,1
2017,11,-7.569478908188586,-4.22456575682382,-2.378411910669975,0.9789081885856099,1.1550868486352357,0
2017,5,-4.359848484848484,2.9289772727272734,-1.9914772727272734,2.4867424242424256,-0.2973484848484844,0
2017,-15,27.023460410557192,4.533724340175953,7.334310850439884,0.5200391006842615,1.287390029325513,1
2017,1,6.068548387096776,-1.56350806451613,6.87298387096774,-3.267137096774192,-2.27116935483871,1
2017,15,-20.625,3.346774193548388,-3.661290322580644,-1.330645161290322,-2.606854838709678,0
2017,-13,11.9375,-3.5,4.1875,-4.03125,-0.21875,1
2017,3,13.841733870967744,0.42137096774193594,1.788306451612904,-3.237903225806452,-1.192540322580646,0
2017,9,-11.289373814041738,-3.743833017077799,-3.4316888045540814,-1.364326375711574,-0.06831119544592035,0
2017,9,-0.8820564516128968,-1.91733870967742,0.23084677419354804,-1.45766129032258,-0.8991935483870961,0
2017,5,-1.3961693548387046,1.267137096774194,-0.3538306451612918,-1.5413306451612918,-0.2762096774193541,0
2017,3,1.216031280547412,-3.387096774193548,-0.17986314760508293,-2.846529814271751,-1.806451612903226,1
2017,-7,11.099431818181813,-1.875,2.6107954545454533,-1.0833333333333321,-0.7395833333333339,0
2017,13,-3.9177489177489235,-0.30086580086580206,-2.8268398268398265,-1.2640692640692635,-0.38311688311688386,0
2017,1,-4.834408602150532,-4.858064516129032,3.903225806451612,-1.413978494623656,-0.14408602150537675,0
2017,7,-7.769892473118276,1.7344086021505376,-0.8000000000000007,-0.29784946236559406,-1.5870967741935473,0
2017,7,-9.433035714285715,0.23214285714285765,0.9375,-5.361607142857142,-5.3794642857142865,0
2017,9,-5.569892473118287,-1.1172043010752688,-1.6591397849462375,-6.593548387096776,-4.516129032258064,0
2017,11,-12.370689655172413,2.936422413793103,-1.255387931034484,-2.063577586206897,-2.3081896551724146,0
2017,-3,12.967741935483872,5.516129032258066,-2.032258064516128,3.06451612903226,0.5161290322580641,1
2017,-3,15.390151515151516,3.6789772727272734,0.4772727272727266,2.8304924242424256,1.7339015151515156,1
2017,5,5.939393939393938,0.6666666666666661,4.696969696969699,-5.303030303030303,-4.303030303030303,0
2017,-8,12.719251336898395,0.12834224598930533,0.7254901960784323,0.4750445632798588,0.5356506238859193,1
2017,-1,-15.690524193548384,-3.200604838709678,-5.44657258064516,-3.119959677419356,-1.23891129032258,0
2017,5,-0.3969696969696912,-2.121212121212121,-3.018181818181816,-1.5757575757575761,-0.02121212121212146,0
2017,7,-12.806451612903217,1.7741935483870979,-3.129032258064516,-3.548387096774192,-3.0,0
2017,3,-2.6387096774193566,-3.532258064516128,-0.6322580645161295,3.543010752688172,2.9602150537634415,0
2017,-8,18.76136363636364,6.258522727272727,6.88068181818182,5.658143939393938,4.139204545454545,1
2017,-7,7.657258064516128,-5.508064516129032,4.403225806451612,-2.830645161290324,-1.48991935483871,1
2017,-1,0.8098039215686299,2.4137254901960787,-1.5941176470588232,-3.9980392156862763,-3.905882352941175,1
2017,-8,2.192234848484844,-0.71875,1.274621212121211,2.691287878787879,2.25,0
2017,-8,4.04398826979471,-0.6451612903225801,-0.9325513196480948,-0.6881720430107521,-1.5591397849462378,0
2017,5,-3.9668560606060623,-1.4526515151515156,-2.532196969696969,2.503787878787879,1.576704545454545,0
2017,1,-4.184475806451616,-1.108870967741936,-1.663306451612904,-1.2247983870967758,0.07762096774193594,0
2017,3,-11.072580645161295,1.732862903225806,-4.208669354838708,-0.3961693548387082,-0.8487903225806459,0
2017,-3,13.95989304812835,3.0802139037433154,6.612299465240643,6.70409982174688,4.251336898395721,1
2017,-1,-9.931818181818187,3.735795454545455,-8.834280303030305,-0.20359848484848442,-0.9299242424242422,1
2017,-4,-7.139204545454547,-2.4176136363636367,-3.489583333333332,-5.129734848484848,-3.381628787878787,1
2017,-1,-1.778103616813297,-2.5171065493646125,0.9374389051808407,1.830889540566961,1.648093841642229,1
2017,-3,12.721774193548384,-2.733870967741936,1.274193548387096,-3.443548387096776,-1.328629032258064,1
2017,1,13.313782991202345,2.900293255131965,-5.753665689149557,5.391984359726296,4.416422287390029,1
2017,-7,18.723484848484844,4.40625,2.962121212121211,6.285037878787879,4.21875,0
2017,11,-8.04398826979471,1.419354838709678,-1.2932551319648091,-4.27956989247312,-2.602150537634408,0
2017,-1,13.818181818181827,3.2727272727272716,11.121212121212125,2.424242424242422,0.7878787878787872,0
2017,-1,7.393939393939391,-1.1515151515151523,-1.303030303030301,-0.9696969696969688,-0.2424242424242422,0
2017,-9,15.473484848484844,-0.25,1.712121212121211,1.628787878787879,2.1875,1
2017,2,3.451612903225808,2.774193548387098,-1.774193548387096,-1.64516129032258,-1.064516129032258,0
2017,-1,11.806818181818187,-2.704545454545455,4.8030303030303045,-3.7651515151515156,-1.5700757575757578,0
2017,-1,4.1652003910068345,-0.9345063538611935,-1.130987292277613,4.491691104594331,3.480938416422287,1
2017,1,-1.4076246334310838,1.873900293255133,-4.14173998044966,-2.0977517106549364,-1.1779081133919842,0
2018,-13,19.5625,2.90625,10.25,0.40625,1.03125,1
2018,-7,6.884848484848476,1.4333333333333336,-0.18181818181818343,-6.687878787878789,-3.9363636363636356,1
2018,15,-8.621568627450984,0.36666666666666714,-1.1647058823529406,-1.813725490196079,-1.7137254901960777,0
2018,1,-6.723060344827587,-1.4148706896551726,6.15625,1.5161637931034484,1.330818965517242,0
2018,-7,12.34375,3.110991379310345,-0.2909482758620676,5.480603448275861,3.157327586206897,1
2018,-3,4.983870967741936,4.258064516129032,3.796370967741936,1.5050403225806441,0.6612903225806459,1
2018,3,19.97479838709677,3.608870967741936,1.159274193548388,5.150201612903224,5.392137096774194,1
2018,9,4.290322580645167,-1.09475806451613,0.4042338709677402,-0.23588709677419217,-0.11592741935483808,0
2018,15,-20.08238636363636,0.639204545454545,1.5776515151515156,-0.31439393939393767,-1.1032196969696972,0
2018,-13,13.034926470588232,-0.922794117647058,-1.461397058823529,0.8382352941176485,1.1525735294117645,1
2018,-5,-1.884946236559145,-4.6225806451612925,9.023655913978494,-8.22795698924731,-7.216129032258063,1
2018,13,-10.817887931034477,3.553879310344829,-0.0786637931034484,-0.22629310344827758,-2.212284482758621,0
2018,11,-14.032258064516128,-0.5806451612903221,-6.096774193548384,-6.870967741935484,-5.193548387096772,0
2018,9,4.939393939393938,-2.732007575757576,0.10416666666666785,-3.59090909090909,-2.9242424242424256,0
2018,-1,11.519354838709674,4.022580645161289,1.853763440860213,5.060215053763443,4.581720430107527,0
2018,-3,7.12903225806452,0.9032258064516121,0.5806451612903238,1.5483870967741922,0.6451612903225801,0
2018,-3,-1.2101661779081212,-0.2590420332355805,-3.4995112414467258,-1.0869990224828943,0.35190615835777095,1
2018,5,2.4100378787878753,1.4526515151515156,-1.7575757575757578,1.3342803030303045,-0.2964015151515156,1
2018,5,15.814516129032256,-1.7546082949308754,6.778801843317975,-0.040322580645160144,3.3997695852534555,1
2018,-15,8.6875,-3.3125,4.53125,-2.3125,-1.03125,1
2018,5,-9.334408602150532,-1.7354838709677427,-4.820430107526882,-4.770967741935484,-3.617204301075269,1
2018,7,8.472727272727269,0.42424242424242387,4.115151515151517,0.7606060606060598,1.1939393939393934,0
2018,7,7.903225806451616,1.32258064516129,-4.64516129032258,-0.6774193548387117,-1.5483870967741922,1
2018,11,-21.16129032258064,-3.950604838709678,-4.142137096774192,-5.34375,-4.151209677419354,0
2018,-9,-3.0997983870967687,1.099798387096774,3.925403225806452,2.648185483870968,0.612903225806452,1
2018,-15,17.582027168234063,2.5632183908045967,-1.1253918495297803,-0.9728317659352115,-0.4472309299895514,1
2018,11,-24.964962121212125,-4.1373106060606055,-5.273674242424242,-2.722537878787879,-1.610795454545455,0
2018,1,5.23333333333332,-1.5999999999999996,2.1000000000000014,6.533333333333333,4.699999999999999,1
2018,-1,-1.1552419354838719,0.8780241935483879,0.41431451612903203,4.71875,2.898185483870968,0
2018,9,4.4375,1.25,-2.46875,4.75,4.84375,0
2018,13,-16.78541666666667,-3.5374999999999996,-3.429166666666667,-5.4125,-3.5437499999999993,0
2018,11,-10.720766129032256,-7.45766129032258,0.10685483870967616,-0.11189516129032384,0.5776209677419359,0
2018,-5,11.109879032258064,2.741935483870968,6.266129032258064,2.807459677419356,1.307459677419354,1
2018,-7,-3.755514705882348,-1.65625,1.420955882352942,-1.509191176470587,-0.38419117647058876,1
2018,1,13.34375,1.53125,-1.71875,-2.0,-0.59375,0
2018,-8,17.818749999999994,5.606249999999999,1.404166666666665,7.241666666666667,5.439583333333333,1
2018,8,3.2523719165085367,3.719165085388994,1.714421252371917,4.218216318785576,2.9895635673624295,0
2018,3,-3.917204301075273,-2.9129032258064527,1.3139784946236581,-11.098924731182795,-7.990322580645159,1
2018,-8,13.96471774193548,1.139112903225806,2.648185483870968,7.586693548387096,5.055443548387096,1
2018,1,5.757575757575751,-1.5757575757575761,-0.5151515151515156,-6.545454545454545,-5.727272727272728,0
2018,8,-3.6300403225806406,-0.48185483870967794,0.4516129032258078,0.03125,-0.6199596774193541,1
2018,8,-3.0566959921798684,-0.8963831867057674,1.8220918866080176,1.830889540566961,2.480938416422287,1
2018,-8,16.625,-0.5,4.125,0.0625,1.0,1
2018,1,1.3268817204301087,-1.193548387096774,-0.5462365591397855,0.22473118279569881,0.2537634408602152,1
2018,-8,3.163636363636371,1.1333333333333329,-3.124242424242425,-2.763636363636362,-2.09090909090909,1
2018,8,9.676411290322577,-1.648185483870968,-3.38608870967742,1.7590725806451601,2.009072580645162,0
2018,5,-12.96117424242425,-2.9223484848484844,-3.320075757575758,-1.9640151515151523,-1.298295454545455,0
2018,8,-5.431182795698916,-7.445161290322581,0.9860215053763426,-3.480645161290324,-1.649462365591397,0
2018,-3,8.619485294117652,-0.90625,-1.766544117647058,1.615808823529413,2.8658088235294112,1
2018,-3,15.030303030303031,-0.3958333333333339,-4.62215909090909,-2.3844696969696955,-0.1638257575757578,1
2018,-4,13.027083333333337,3.3000000000000007,3.0166666666666657,8.035416666666666,6.168749999999999,0
2018,-1,5.654233870967744,-1.20766129032258,1.9818548387096762,-0.7681451612903238,-0.6723790322580641,0
2018,-4,19.67916666666666,-0.28125,3.9020833333333336,-0.6229166666666668,0.9770833333333329,1
2018,-3,7.658143939393938,-0.6695075757575761,0.6041666666666679,-1.71590909090909,-2.0179924242424256,1
2018,9,0.12333965844402428,0.9449715370018961,2.6821631878557888,2.1214421252371913,2.3766603415559775,0
2018,9,1.4375,2.25,0.09375,-2.78125,-2.0625,0
2018,-5,3.021568627450989,0.3000000000000007,-4.468627450980392,4.2137254901960794,3.8470588235294105,1
2018,-2,6.965786901270775,-2.978494623655914,-1.6715542521994138,1.7223851417399807,1.7262952101661782,1
2018,-1,12.71875,-0.96875,2.0625,-6.46875,-3.4375,1
2018,-1,2.777573529411768,2.141544117647058,1.555147058823529,2.7867647058823515,1.8474264705882355,1
2018,0,-5.442067736185379,-1.666666666666666,2.355614973262032,-3.1559714795008915,-2.095365418894831,0
2018,0,4.09375,-2.1875,2.03125,-4.03125,-2.5625,0
2018,0,-2.688446969696969,-0.23958333333333393,-4.02840909090909,-0.07196969696969546,-0.1638257575757578,0
2019,-7,4.643749999999997,1.0250000000000004,1.2083333333333321,-1.3979166666666671,-0.7083333333333339,1
2019,3,12.190524193548384,1.528225806451612,2.978830645161292,5.76008064516129,5.143145161290322,1
2019,1,-7.225806451612911,2.838709677419356,0.3225806451612918,0.741935483870968,-2.064516129032258,1
2019,-13,15.231060606060609,-4.682765151515152,3.2973484848484844,-3.9176136363636367,-1.4327651515151523,1
2019,7,3.9951124144672576,-4.29130009775171,2.0625610948191593,0.4516129032258078,0.35190615835777095,0
2019,3,-1.625,-4.5,-0.4375,1.75,2.125,1
2019,-13,12.1875,-1.5,3.34375,3.96875,4.09375,1
2019,-15,16.45060483870968,-1.474798387096774,1.44858870967742,1.465725806451612,2.502016129032258,1
2019,-7,16.58651026392961,3.6959921798631488,0.9472140762463326,3.219941348973606,2.1026392961876823,1
2019,9,-0.4479166666666714,-2.8291666666666675,-5.21875,-5.2875,-3.445833333333333,0
2019,1,-7.15625,-3.25,-1.21875,-0.8125,-0.1875,0
2019,-15,27.486607142857146,4.59375,2.6116071428571423,2.5669642857142847,4.03125,1
2019,3,14.374053030303031,1.8513257575757578,2.1685606060606055,2.9195075757575744,2.6297348484848477,0
2019,-13,14.41431451612904,-0.127016129032258,-1.914314516129032,-1.163306451612904,-1.43649193548387,1
2019,9,-0.04583333333333428,-2.020833333333334,3.989583333333332,-4.064583333333335,-3.554166666666667,0
2019,-9,-1.4778225806451672,-3.412298387096774,-0.8608870967741922,4.87298387096774,3.574596774193548,1
2019,15,-8.29017857142857,-3.0178571428571423,-7.558035714285715,-2.0357142857142847,-0.035714285714286476,0
2019,3,2.474193548387106,1.6182795698924721,-5.35483870967742,2.1043010752688183,1.7763440860215045,0
2019,-1,-2.6441532258064484,0.6098790322580641,1.5524193548387082,-0.6612903225806441,-1.317540322580646,1
2019,7,-11.97782258064516,-2.044354838709678,-3.389112903225808,-2.763104838709678,-2.740927419354838,0
2019,-11,7.375757575757575,-1.706060606060607,2.3484848484848477,-2.2333333333333343,-0.07272727272727231,1
2019,-5,0.9677419354838719,0.9677419354838719,-5.2258064516129,1.8709677419354858,0.870967741935484,1
2019,-11,10.905241935483872,-0.433467741935484,-1.097782258064516,-1.4677419354838719,0.0625,1
2019,-1,5.246975806451616,-0.45262096774193594,2.785282258064516,-3.849798387096776,-1.83366935483871,0
2019,-5,7.962121212121218,-0.2623106060606055,-2.8560606060606055,-3.7481060606060623,-0.9119318181818183,0
2019,11,-4.36189516129032,-0.30141129032258007,-7.871975806451612,-4.006048387096776,-2.37600806451613,0
2019,15,-26.89237199582027,-2.200626959247648,-2.306165099268547,-0.14942528735632266,-1.8401253918495293,0
2019,9,-1.936559139784947,1.6806451612903217,-7.121505376344086,1.21505376344086,0.8193548387096783,0
2019,5,-14.78125,3.46875,-5.40625,-0.96875,-2.09375,0
2019,-13,3.714583333333337,2.3562499999999993,-0.49166666666666714,-2.2333333333333343,-1.9875000000000007,1
2019,11,-17.298295454545453,-3.2215909090909083,-2.7035984848484844,-3.236742424242424,-2.4848484848484844,0
2019,5,1.2358870967741922,-0.6804435483870961,2.338709677419356,-0.22681451612903203,-0.5574596774193541,0
2019,1,-7.981250000000003,-0.16249999999999964,-3.385416666666668,-4.554166666666667,-3.145833333333334,1
2019,8,-6.512310606060609,2.7765151515151523,-3.8285984848484844,4.073863636363637,3.7140151515151523,0
2019,-5,13.874053030303031,0.5700757575757578,1.9810606060606055,0.07575757575757436,0.6609848484848477,1
2019,-7,7.0625,-2.03125,-0.5625,-2.3125,-0.78125,1
2019,8,-17.061491935483872,-3.246975806451612,0.4989919354838719,-2.015120967741936,-2.878024193548388,0
2019,8,-16.0625,-0.59375,0.75,3.875,2.59375,0
2019,1,-7.152688172043014,-0.026881720430107947,-1.198924731182796,-3.984946236559143,-2.673118279569893,0
2019,1,14.199413489736074,0.40566959921798684,0.36656891495600874,-2.8445747800586503,-1.4780058651026398,0
2019,-7,8.081653225806448,1.858870967741936,5.916330645161292,2.911290322580644,1.411290322580646,1
2019,-8,5.6590909090909065,-3.5956439393939394,2.2651515151515156,-3.6875,-0.6998106060606055,0
2019,3,0.12903225806451246,1.161290322580646,-9.451612903225804,0.12903225806451601,0.9032258064516121,0
2019,8,-13.933528836754647,-2.061583577712609,-3.159335288367547,-2.473118279569892,-2.2316715542521983,0
2019,1,-2.2157258064516157,2.205645161290322,-5.41733870967742,3.892137096774194,3.450604838709678,0
2019,3,2.1875,-3.1875,2.125,3.6875,2.84375,1
2019,5,-5.555443548387103,-0.10786290322580605,-2.02016129032258,1.629032258064516,0.9778225806451619,0
2019,-3,1.625,-3.46875,4.53125,-0.46875,-0.65625,0
2019,-4,9.293560606060609,-5.057765151515152,4.984848484848484,-1.6051136363636367,-0.8702651515151523,1
2019,-3,3.1280241935483843,1.299395161290322,-6.26108870967742,2.110887096774194,1.856854838709678,1
2019,4,-19.793750000000003,-3.9437499999999996,-0.13541666666666785,-6.397916666666667,-5.614583333333334,0
2019,-4,5.125,-0.1875,-2.0,-3.4375,-2.3125,1
2019,-3,4.735416666666666,0.5416666666666661,7.427083333333332,-0.783333333333335,-1.6166666666666671,1
2019,-1,8.26310483870968,-1.83266129032258,-2.528225806451612,-0.6935483870967758,0.7802419354838701,1
2019,-3,20.3206256109482,1.739002932551319,0.5786901270772233,-0.26881720430107237,0.5219941348973602,1
2019,9,-1.53125,3.0,-1.125,6.1875,3.78125,0
2019,1,3.574810606060609,0.12973484848484773,4.391098484848484,0.8011363636363633,0.41098484848484773,1
2019,-1,0.9375,6.40625,-0.875,6.46875,4.25,0
2019,-1,0.625,4.5625,4.21875,3.25,0.4375,1
2019,-1,14.249053030303031,2.889204545454545,0.6553030303030312,7.166666666666668,5.596590909090908,1
2019,-1,-4.6875,3.4375,6.25,4.6875,1.71875,1
2019,1,-6.424242424242422,-2.6969696969696972,0.45454545454545325,-4.3030303030303045,-3.0606060606060606,0
2019,0,-8.561553030303031,-0.17045454545454497,3.563446969696969,-1.9166666666666679,-2.6590909090909083,1
2021,-13,12.940418679549111,2.7004830917874383,3.495974235104672,-3.0724637681159415,-1.3172302737520134,1
2021,-15,10.30923076923078,4.781538461538462,1.063076923076924,-2.235384615384616,-2.2846153846153854,1
2021,-7,-14.673913043478265,-0.8586956521739122,0.7934782608695663,-4.27355072463768,-2.7155797101449277,1
2021,7,-8.707977207977208,0.8732193732193734,-1.4330484330484339,-2.8034188034188023,-2.517094017094017,0
2021,9,-1.7049999999999983,-1.0533333333333346,3.963333333333331,-1.163333333333334,-1.0483333333333338,0
2021,5,6.65384615384616,-5.821862348178137,0.8056680161943319,-5.5323886639676125,-4.4676113360323875,0
2021,15,-6.384848484848476,4.706060606060607,-5.063636363636363,-0.25151515151515014,-0.18181818181818166,0
2021,-1,4.217948717948715,1.375,3.955128205128208,-2.5384615384615383,-2.9198717948717956,1
2021,1,-5.74183006535948,3.0849673202614376,-5.33986928104575,-1.1699346405228752,-0.905228758169935,0
2021,15,-8.224358974358978,-2.23076923076923,-6.464743589743591,-6.522435897435896,-3.5352564102564106,0
2021,-1,2.0621118012422315,3.2070393374741197,3.511387163561075,5.871635610766047,4.134575569358178,1
2021,-15,17.111111111111107,3.314814814814815,2.5925925925925917,-3.333333333333334,-2.185185185185185,1
2021,1,-1.7797619047619122,-3.0357142857142865,-0.726190476190478,1.7976190476190474,2.2380952380952372,0
2021,11,2.585144927536234,-2.1775362318840568,-2.2518115942028984,4.864130434782609,2.4402173913043477,0
2021,3,-2.41391304347826,3.132173913043479,-0.6747826086956508,-0.8000000000000007,-1.1843478260869578,0
2021,9,0.08201058201058231,-2.992063492063493,2.2777777777777786,-4.417989417989416,-2.4523809523809526,0
2021,-3,-0.026086956521737648,-2.372173913043479,-2.126956521739128,0.5599999999999987,1.0643478260869568,1
2021,-11,6.271428571428572,-1.3142857142857132,0.8690476190476204,-0.45238095238095255,0.276190476190477,1
2021,7,-1.0215384615384693,-0.861538461538462,-4.0353846153846185,-1.0738461538461532,-1.5723076923076924,1
2021,5,-6.306763285024161,-2.3454106280193248,4.473429951690822,-3.091787439613526,-2.7971014492753614,1
2021,11,-10.76223776223776,-1.88111888111888,-6.653846153846153,-5.05944055944056,-3.6468531468531467,0
2021,-9,11.650434782608698,-1.3826086956521735,3.3200000000000003,1.852173913043476,1.1304347826086953,1
2021,-3,1.5568561872909612,-2.137123745819398,3.351170568561873,-2.0802675585284263,1.2424749163879607,1
2021,-13,15.082417582417591,0.9358974358974361,1.9304029304029307,-0.2564102564102573,1.3058608058608048,1
2021,-13,18.31468531468532,2.9370629370629384,0.26223776223775985,5.423076923076923,4.094405594405593,1
2021,-7,4.145454545454541,5.415151515151515,-2.25151515151515,2.2212121212121207,1.2545454545454557,1
2021,-3,10.16739130434783,0.6586956521739129,-2.406521739130433,2.415217391304349,1.765217391304347,1
2021,-5,-1.6438923395445073,0.5507246376811601,-0.10144927536232018,-6.2981366459627335,-5.151138716356106,1
2021,5,-0.07407407407407618,-3.7407407407407405,4.962962962962962,-2.296296296296294,-0.8888888888888893,0
2021,-13,-9.120000000000005,-8.08,-4.559999999999999,-2.6400000000000006,-2.120000000000001,1
2021,-11,10.169772256728777,6.248447204968945,-1.233954451345756,7.699792960662526,6.031055900621118,1
2021,-9,19.474074074074075,-9.026666666666667,-1.9940740740740743,3.4385185185185208,4.995555555555557,0
2021,-5,8.41867954911433,6.8743961352657,3.7133655394524965,4.666666666666668,2.7697262479871174,1
2021,-7,9.801904761904765,-1.6323809523809523,2.8304761904761904,-4.73904761904762,-2.828571428571429,1
2021,1,-6.877616747181975,-0.38647342995169076,-0.17874396135265513,-4.26892109500805,-3.8405797101449277,1
2021,1,13.512592592592597,-3.0162962962962974,2.6207407407407395,2.0311111111111106,2.7155555555555555,1
2021,3,3.0434782608695627,-1.2082379862700225,-0.464530892448515,5.002288329519452,4.302059496567505,1
2021,-7,11.603896103896105,-4.153679653679655,3.4826839826839837,-3.205627705627709,-1.8658008658008658,1
2021,7,-5.4547511312217125,-7.760180995475112,-0.8054298642533944,-3.6719457013574655,-1.2828054298642524,0
2021,7,-7.559829059829056,-2.2592592592592595,-2.2207977207977194,1.6282051282051277,0.4458689458689449,0
2021,-8,-2.732919254658384,0.24223602484472195,-0.07660455486542261,3.917184265010352,2.6066252587991716,1
2021,8,-5.690434782608705,1.3826086956521735,-5.920000000000002,-6.572173913043477,-5.010434782608696,0
2021,-5,10.436454849498332,0.6605351170568579,5.648829431438127,-6.488294314381271,-2.4498327759197327,1
2021,5,-16.469230769230776,-3.5661538461538473,0.6523076923076943,-0.36307692307692463,-0.9707692307692302,0
2021,-8,5.945454545454545,-3.6781818181818178,0.7618181818181817,-2.125454545454545,0.8945454545454545,1
2021,-3,-0.7875457875457954,0.8205128205128194,0.8205128205128212,3.851648351648352,3.430402930402929,0
2021,3,-2.1005291005291014,0.17989417989417866,-1.8095238095238102,-0.6031746031746046,-0.9682539682539684,1
2021,5,1.5707692307692298,-1.0153846153846153,0.5076923076923059,-4.064615384615383,-1.1923076923076916,0
2021,1,-8.588571428571427,-0.11428571428571388,-1.1809523809523803,-4.632380952380952,-3.5238095238095237,1
2021,-4,6.592592592592595,3.1695906432748533,2.5692007797270975,-1.5964912280701746,-1.6627680311890831,1
2021,-4,-4.552592592592589,2.616296296296297,2.89925925925926,-2.23111111111111,-2.9555555555555557,1
2021,3,-1.1877470355731106,-0.009881422924900463,-1.8636363636363633,3.33399209486166,1.9486166007905137,1
2021,-4,5.558608058608058,0.9358974358974361,1.3589743589743613,1.5054945054945055,2.3534798534798522,1
2021,4,-10.981605351170572,-4.839464882943142,-4.879598662207357,-7.295986622073578,-4.750836120401338,0
2021,4,-8.898989898989896,-0.5774410774410779,-2.577441077441076,3.6212121212121193,2.8619528619528616,0
2021,-4,21.417378917378926,-0.1908831908831896,3.3076923076923066,1.4786324786324805,2.8418803418803407,0
2021,-1,-9.559006211180133,0.06832298136646031,-2.3809523809523796,-3.6045548654244293,-2.654244306418219,1
2021,1,-0.44740740740741103,4.902222222222221,1.5081481481481482,4.786666666666667,3.4740740740740748,0
2021,-5,6.955840455840459,1.1937321937321936,7.923076923076923,3.286324786324787,1.6880341880341874,1
2021,1,0.20940170940171754,-0.9900284900284895,-2.566951566951566,0.7435897435897427,1.5227920227920215,0
2021,2,-15.468571428571437,-1.0342857142857138,-3.02095238095238,1.1676190476190467,0.8761904761904766,1
2021,0,-1.6367521367521363,1.9715099715099704,0.6638176638176638,8.397435897435896,4.984330484330483,0
2021,2,-11.873015873015873,-2.973544973544973,-3.640211640211639,2.7142857142857135,1.8835978835978828,0
2022,0,-22.78125,-3.2750000000000004,3.885416666666668,2.3374999999999986,0.3000000000000007,1
2022,0,7.173280423280424,2.4947089947089935,3.825396825396826,6.136243386243386,3.2380952380952372,1
2022,0,8.99278846153846,3.435096153846154,0.4663461538461533,2.7884615384615383,2.3990384615384617,1
2022,0,1.0999999999999943,-4.1,-0.2666666666666657,-3.466666666666665,-3.2333333333333343,0
2022,-13,12.551724137931032,1.5161964472309304,2.970741901776382,-0.8045977011494259,-0.08568443051201768,1
2022,-3,-9.460919540229895,0.5919540229885065,-1.8321839080459768,5.871264367816092,3.479310344827585,0
2022,7,6.107142857142861,0.008928571428571175,-1.196428571428573,-0.2589285714285712,-1.9508928571428577,1
2022,5,-3.6379310344827616,-1.520689655172415,1.959770114942529,1.9862068965517228,0.4551724137931039,0
2022,1,-9.21875,1.21875,-3.125,-1.46875,-0.21875,1
2022,13,-20.11290322580645,-0.09462365591397859,-5.318279569892475,-0.8075268817204311,-2.166666666666666,0
2022,-11,6.912037037037038,-0.9409722222222214,2.835648148148149,-4.732638888888889,-1.174768518518519,1
2022,1,-10.82981090100111,2.0111234705228025,-1.7764182424916584,-6.640711902113457,-6.341490545050055,0
2022,15,-15.849833147942157,-1.3492769744160178,-2.4382647385984413,-0.32035595105672954,-1.1512791991101228,0
2022,9,-6.568965517241381,2.4275862068965512,3.0241379310344847,1.5551724137931018,0.27241379310344804,0
2022,-1,0.53125,-1.96875,-1.0,-1.8125,-1.78125,1
2022,15,-6.968894009216598,-1.7442396313364057,-3.963133640552993,2.902073732718897,1.5391705069124413,0
2022,-3,-2.032258064516128,3.548387096774194,0.032258064516128115,4.354838709677418,1.870967741935484,0
2022,15,-4.117943548387103,-0.8306451612903221,-4.575604838709676,2.23891129032258,3.245967741935484,0
2022,13,-7.560483870967744,-3.96875,1.7762096774193559,-6.672379032258064,-3.964717741935484,0
2022,3,-2.2903225806451672,-1.9677419354838719,1.516129032258064,1.5806451612903238,-0.9677419354838701,0
2022,-9,-7.710648148148152,-1.4606481481481488,-5.78587962962963,-2.9120370370370363,-2.672453703703704,1
2022,7,-1.3505747126436773,-0.07356321839080593,-1.986206896551721,-1.886206896551725,-1.6333333333333329,1
2022,-13,9.421839080459776,-0.5149425287356326,0.9954022988505749,-2.6160919540229877,-1.7919540229885058,1
2022,11,-8.187096774193549,1.7870967741935484,-0.7204301075268802,0.2139784946236567,-0.28279569892473155,0
2022,1,6.144605116796441,-0.8776418242491655,2.7619577308120142,4.716351501668521,4.031145717463849,1
2022,11,5.8873563218390785,2.589655172413794,0.816091954022987,5.165517241379309,4.140229885057472,0
2022,11,-13.074884792626733,-4.074884792626729,-3.3191244239631352,-5.107142857142858,-4.501152073732719,0
2022,15,-4.84375,0.1875,-5.375,3.0625,2.21875,0
2022,-7,1.1885057471264417,2.8793103448275854,4.8551724137931025,-0.5471264367816104,-0.17126436781609122,1
2022,7,-1.5020833333333314,1.8187499999999996,-2.0062500000000014,0.9937500000000004,0.1708333333333325,0
2022,5,-14.505747126436773,4.6517241379310335,-0.2724137931034498,2.121839080459768,1.7770114942528732,0
2022,9,-12.88392857142857,-0.5401785714285712,-0.678571428571427,-6.1830357142857135,-5.017857142857142,0
2022,-5,4.055555555555557,-1.4296296296296305,-0.8666666666666671,1.8592592592592592,0.5555555555555554,0
2022,9,6.125122189638319,-1.0772238514173988,-3.4154447702834823,-1.1417399804496604,0.956989247311828,0
2022,3,7.8375576036866335,-1.9366359447004609,2.8513824884792633,0.9527649769585249,1.0334101382488488,0
2022,-5,12.246941045606235,2.511679644048943,0.9721913236929929,0.1679644048943274,-0.02224694104560676,0
2022,8,-9.672413793103445,2.308045977011494,-3.9011494252873575,-6.171264367816093,-6.5459770114942515,1
2022,3,-7.737068965517238,3.3394396551724146,-2.480603448275861,-0.7424568965517242,-1.9989224137931032,0
2022,8,-2.859913793103445,0.8674568965517242,0.5193965517241388,3.6282327586206904,3.467672413793103,0
2022,8,-1.4618226600985196,-5.600985221674877,1.652709359605911,-2.666256157635468,-3.6847290640394093,0
2022,7,-10.071572580645167,-4.918346774193548,-6.083669354838708,-5.044354838709676,-3.12600806451613,0
2022,-8,7.838709677419359,1.2414467253176937,3.954056695992179,4.913978494623654,3.443792766373411,0
2022,7,-1.9121245828698648,-3.7530589543937705,0.6151279199110142,4.576195773081199,4.664071190211345,0
2022,-5,-3.407258064516128,1.420362903225806,-2.00201612903226,1.51108870967742,-0.48689516129032206,1
2022,-5,14.088095238095235,-2.7452380952380953,3.597619047619048,-2.954761904761904,-2.3547619047619044,1
2022,-8,3.3555555555555543,-4.362962962962964,1.6666666666666643,3.9592592592592606,2.988888888888889,1
2022,-8,7.526497695852541,2.6877880184331797,1.8675115207373274,6.171658986175116,4.501152073732719,1
2022,8,-9.471774193548384,-1.867943548387096,-3.235887096774192,2.425403225806452,1.829637096774194,0
2022,-1,-5.803320561941263,-3.527458492975734,-6.284802043422733,-3.6232439335887587,-2.565772669220946,0
2022,1,-10.279166666666669,0.9312500000000004,-0.3999999999999986,-5.36875,-4.8583333333333325,1
2022,-3,-5.439080459770111,3.6517241379310335,3.4942528735632195,2.455172413793104,0.37701149425287284,0
2022,8,-0.4527252502780925,-3.981090100111235,-6.941045606229142,-5.42491657397108,-2.709677419354838,0
2022,7,-2.047413793103445,0.9601293103448274,-3.7219827586206904,-4.294181034482758,-4.723060344827585,1
2022,4,2.364849833147943,-2.0077864293659626,-2.022246941045605,0.16685205784204626,0.8298109010011121,0
2022,3,4.294771968854278,1.5917686318131263,-4.14349276974416,1.9899888765294769,2.6985539488320356,0
2022,4,6.547413793103445,-3.520474137931034,3.1099137931034484,-2.811422413793103,-1.4040948275862064,0
2022,-1,2.9666666666666686,1.333333333333334,-0.1999999999999993,-5.5,-4.800000000000001,1
2022,-3,2.236929922135701,-2.3604004449388203,-5.561735261401559,-6.873192436040046,-3.3648498331479413,1
2022,-7,3.9458525345622206,2.5910138248847936,2.7062211981566833,5.68778801843318,4.501152073732719,1
2022,-4,3.3416666666666686,-0.30625000000000036,1.5874999999999986,-0.9124999999999996,-0.047916666666667496,1
2022,9,3.537263626251388,-5.145717463848721,-4.711902113459399,-7.557285873192434,-4.411568409343715,0
2022,-1,1.1491935483871032,-0.38810483870967794,5.356854838709676,-3.80141129032258,-2.964717741935484,1
2022,1,-1.6083333333333343,-1.1604166666666664,-2.554166666666667,-1.3208333333333329,-1.7520833333333332,1
2022,-2,-0.9347290640394164,0.30665024630541815,-1.171182266009854,-7.141625615763548,-5.833743842364532,1
2022,1,0.9924731182795625,-2.6473118279569885,-1.2860215053763433,-3.488172043010753,-2.1623655913978492,1
2022,0,0.8820912124582776,-2.9733036707452722,-4.884315906562847,-6.4538375973303665,-3.687430478309233,0
2022,1,3.4763440860214985,-5.4537634408602145,-3.5440860215053753,-6.552688172043009,-4.065591397849463,0
2023,0,4.402150537634412,0.5774193548387103,-2.1731182795698913,-3.973118279569894,-1.2913978494623652,0
2023,0,5.9666666666666615,1.9000000000000004,2.2333333333333343,0.03333333333333499,1.5999999999999996,1
2023,0,5.222988505747125,-1.7597701149425289,2.216091954022989,0.008045977011494898,0.12528735632183974,0
2023,0,-4.895474137931032,-0.4213362068965516,2.816810344827587,-2.225215517241381,-2.4967672413793096,0
2023,-3,8.266666666666666,1.1333333333333329,0.03333333333333499,2.966666666666667,1.666666666666666,1
2023,-3,12.96875,-0.59375,7.15625,3.75,3.40625,0
2023,-13,26.174107142857146,-1.3482142857142865,6.276785714285715,4.517857142857142,4.7142857142857135,1
2023,11,-23.506249999999994,-7.322916666666666,-4.985416666666666,-8.23125,-5.579166666666666,0
2023,13,-17.32258064516129,-2.354838709677418,0.612903225806452,-4.38709677419355,-4.064516129032258,0
2023,-5,-2.5433467741935516,-1.259072580645162,-2.73891129032258,0.6189516129032242,0.6431451612903221,1
2023,1,3.116935483870961,-1.213709677419354,-2.276209677419356,-3.358870967741936,-0.45060483870967794,0
2023,-5,-0.3999999999999915,-1.9333333333333336,-2.6000000000000014,-6.433333333333335,-3.2666666666666657,0
2023,-11,7.099999999999994,2.299999999999999,-0.23333333333333073,3.9333333333333336,2.0,1
2023,-3,5.493087557603687,-1.4665898617511512,2.7534562211981566,0.5368663594470053,0.6025345622119804,0
2023,1,14.927272727272722,-1.6363636363636367,4.754545454545454,3.539393939393939,2.290909090909091,1
2023,15,-21.14717741935484,-4.03225806451613,-5.714717741935484,-3.052419354838708,-2.819556451612904,0
2023,1,-6.03125,-0.08971774193548399,-1.335685483870968,-5.111895161290322,-3.16733870967742,0
2023,15,-14.154545454545456,-1.6121212121212114,-7.472727272727273,-0.08484848484848229,-1.587878787878788,0
2023,13,-6.513061650992682,2.5370950888192265,-3.803552769070013,0.3176593521421083,-1.476489028213166,0
2023,15,-13.149462365591397,-3.3344086021505364,-1.2193548387096769,-1.8322580645161288,-1.1387096774193548,0
2023,3,-2.13333333333334,-1.6602150537634408,-3.0129032258064505,-1.6430107526881734,-0.586021505376344,0
2023,-5,-5.068548387096769,0.5594758064516121,-0.5836693548387082,-3.08266129032258,-4.06350806451613,1
2023,-13,14.36862745098039,0.7803921568627441,4.547058823529412,3.2901960784313733,3.476470588235294,1
2023,-11,-0.30846774193548043,3.67741935483871,0.9274193548387082,5.37600806451613,4.05241935483871,1
2023,7,10.151515151515142,-2.6060606060606055,0.03030303030302761,-0.8787878787878789,-0.9090909090909101,1
2023,-15,12.914942528735637,-2.6609195402298846,6.045977011494255,1.73103448275862,1.4011494252873575,1
2023,7,6.332068311195442,-1.8500948766603411,5.483870967741936,2.7220113851992416,1.4497153700189767,0
2023,1,-5.008064516129039,3.09274193548387,-2.430443548387096,0.6723790322580641,0.7701612903225801,1
2023,-5,3.7268817204301,1.2913978494623652,1.7333333333333343,2.3150537634408597,0.17311827956989312,1
2023,11,-11.40625,1.625,4.3125,0.5625,0.84375,0
2023,-7,16.345939933259174,3.353726362625139,7.197997775305897,1.9988876529477189,1.737486095661847,1
2023,9,-6.823529411764696,-0.6764705882352935,-2.823529411764703,-3.5,-1.5294117647058822,0
2023,9,-9.97977941176471,-0.9264705882352935,-2.3639705882352935,2.9411764705882355,0.8400735294117645,0
2023,-7,1.922379032258064,1.630040322580646,3.183467741935484,-1.746975806451612,-1.078629032258064,0
2023,9,-0.985294117647058,-4.132352941176471,0.5514705882352935,-1.90625,-2.0753676470588243,0
2023,9,3.82352941176471,2.3235294117647065,3.1764705882352935,9.352941176470589,5.911764705882353,0
2023,8,-20.40625,3.53125,-7.78125,-2.03125,-2.625,0
2023,-3,9.487096774193546,6.456989247311828,4.411827956989246,5.893548387096775,2.6860215053763437,1
2023,5,-4.63333333333334,0.09892473118279632,-1.4763440860215056,0.2860215053763433,-1.7440860215053764,0
2023,7,-7.196480938416414,-0.7067448680351909,-4.76735092864125,0.6656891495601194,-0.7018572825024432,1
2023,8,-3.2666666666666657,-1.0333333333333332,-0.36666666666666714,-2.9333333333333336,-3.0,0
2023,-7,10.40625,5.78125,3.25,4.84375,2.78125,1
2023,8,-17.911330049261082,1.7524630541871922,-1.1650246305418719,-4.593596059113301,-4.823891625615763,0
2023,8,6.877810361681327,0.3958944281524932,3.368523949169113,4.90713587487781,2.9188660801564037,0
2023,3,5.677419354838712,0.22580645161290214,-0.3548387096774164,2.32258064516129,1.2903225806451601,1
2023,5,-3.735294117647058,1.0464895635673628,-2.034155597722961,-0.11385199240986665,-1.2571157495256156,0
2023,1,-0.558823529411768,-2.7941176470588225,1.3235294117647065,-2.264705882352942,-0.29411764705882426,1
2023,-8,10.724731182795708,-3.801075268817203,3.440860215053764,1.2838709677419367,1.721505376344087,0
2023,3,-11.556451612903231,1.195564516129032,0.8125,-1.6391129032258078,-1.537298387096774,0
2023,-8,2.847426470588232,5.586397058823529,0.665441176470587,0.685661764705884,-0.8860294117647065,1
2023,1,14.248576850094878,-1.011385199240987,4.8055028462998095,2.016129032258064,1.0123339658444017,0
2023,8,6.6265597147950075,-2.695187165775401,0.21925133689839527,-0.8948306595365416,-1.4803921568627452,0
2023,4,-18.72479838709677,2.465725806451612,-5.489919354838708,-3.02016129032258,-3.53225806451613,0
2023,-3,3.506641366223903,-0.9563567362428831,-0.8387096774193559,-1.6897533206831135,0.2277039848197333,1
2023,1,0.6172413793103431,6.097701149425287,3.3873563218390785,4.320689655172412,1.3356321839080447,1
2023,5,0.06546489563567093,1.9089184060721056,-0.009487666034154074,3.0455407969639463,1.4981024667931688,1
2023,-1,4.200000000000003,-1.1655913978494628,-3.0236559139784944,-2.5193548387096776,-0.35591397849462325,1
2023,-1,-5.014705882352942,0.08455882352941124,4.459558823529413,-2.3639705882352935,-0.6672794117647065,0
2023,-3,11.202205882352942,3.117647058823529,5.5202205882352935,5.875,2.7996323529411757,1
2023,3,3.925047438330168,4.149905123339659,1.9335863377609108,3.497153700189756,1.8377609108159394,0
2023,-3,14.766544117647058,-3.444852941176471,4.8125,3.5808823529411775,2.8529411764705888,1
2023,-6,13.358064516129033,4.198924731182796,4.540860215053762,7.183870967741935,4.621505376344086,1
2023,1,-2.4375,-6.03225806451613,-5.13407258064516,-3.794354838709676,-0.91633064516129,0
2023,2,8.233870967741936,0.09475806451612989,-1.2318548387096762,2.155241935483872,0.5050403225806459,0
2023,1,6.09375,-8.5625,-0.03125,-2.0,-0.09375,1
2023,2,11.58387096774193,6.198924731182796,3.3473118279569896,7.667741935483871,4.427956989247312,1
2023,-1,3.4312500000000057,-7.729166666666666,1.0458333333333343,-4.324999999999999,-1.7666666666666657,0
2024,0,-9.806451612903231,-2.709677419354839,2.225806451612904,-5.03225806451613,-3.741935483870968,1
2024,0,7.451612903225808,1.4660734149054502,1.1735261401557295,0.06562847608453737,-0.11234705228031139,0
2024,0,3.3245967741935516,-1.818548387096774,-2.735887096774192,-1.934475806451612,-0.6048387096774199,1
2024,0,-1.6129032258064484,3.225806451612903,3.3225806451612883,-2.258064516129032,-2.322580645161292,1
2024,-1,-5.197916666666671,1.5710227272727266,-3.6742424242424256,0.33712121212121104,-0.9223484848484844,1
2024,-7,6.258064516129039,0.2903225806451619,3.096774193548388,-1.0000000000000018,-1.0,1
2024,-7,-6.016129032258064,0.0588235294117645,-3.338709677419356,-2.0768500948766615,-2.3462998102466788,1
2024,-3,-4.860531309297912,4.202087286527515,-1.0692599620493368,-1.8320683111954459,-2.1280834914610995,1
2024,-3,-3.0433467741935516,-1.956653225806452,4.463709677419356,-5.169354838709678,-4.519153225806452,1
2024,-9,5.220766129032256,0.024193548387096087,5.056451612903224,-2.08266129032258,-1.380040322580646,1
2024,-11,19.30303030303031,4.969696969696969,4.90909090909091,9.787878787878789,7.151515151515152,1
2024,-5,1.6969696969697026,2.969696969696969,-2.0606060606060588,3.424242424242422,2.121212121212123,0
2024,-5,4.686217008797655,-1.7644183773216042,0.013685239491692869,1.6520039100684265,2.0195503421309873,1
2024,1,14.796774193548387,-2.6032258064516123,-0.8591397849462368,-0.24946236559139834,1.0462365591397855,0
2024,13,-15.761755485893417,1.565308254963428,0.23510971786834034,-6.929989550679206,-4.503657262277951,0
2024,11,-3.3014112903225765,1.920362903225806,-4.264112903225808,-1.080645161290322,-0.29536290322580605,0
2024,15,-29.610887096774192,-4.922379032258065,-6.65423387096774,-6.381048387096774,-4.640120967741936,0
2024,13,-10.970674486803517,-0.4711632453567933,-6.686217008797655,0.8660801564027363,-0.06842619745845546,0
2024,15,-23.705882352941174,-2.9669117647058822,-3.123161764705884,-10.897058823529413,-7.4485294117647065,0
2024,9,9.525806451612894,2.8849462365591396,-5.72043010752688,8.85483870967742,4.590322580645163,0
2024,-11,11.120167189132701,-4.982236154649948,0.8589341692789958,-8.825496342737722,-5.6478578892372,1
2024,-3,-5.885416666666671,-1.9354166666666668,-3.2958333333333343,-1.625,-0.5854166666666671,1
2024,-9,18.018572825024442,-0.6715542521994138,2.3743890518084037,-1.7380254154447687,-0.058651026392961825,1
2024,9,-7.418242491657395,3.4171301446051165,-2.001112347052281,-2.4783092324805356,-2.1957730812013363,0
2024,15,-30.848484848484844,0.6852394916911049,-2.7624633431085073,-5.962854349951122,-5.335288367546433,0
2024,-1,-1.747800586510266,-3.1622678396871944,1.8475073313782993,3.648093841642231,2.4369501466275647,1
2024,3,1.1290322580645125,-4.451612903225806,0.5806451612903238,-9.322580645161288,-5.516129032258064,0
2024,11,-10.084848484848479,-3.169696969696969,-5.993939393939396,-2.496969696969696,-1.2878787878787872,0
2024,13,-8.980603448275858,0.2758620689655178,0.1831896551724128,-1.9353448275862064,-2.2467672413793096,0
2024,7,-3.8709677419354875,-2.096774193548388,-5.774193548387096,3.03225806451613,2.193548387096774,0
2024,5,-4.42916666666666,-6.225,-3.4541666666666657,-0.19791666666666785,0.05000000000000071,0
2024,-5,2.3417338709677438,3.382056451612904,4.607862903225808,3.434475806451612,2.035282258064516,1
2024,-13,-3.3870967741935516,4.258064516129032,-2.129032258064516,-3.612903225806452,-2.612903225806452,1
2024,15,-9.492234169653514,-0.007168458781361409,1.5316606929510144,2.2353643966547168,0.42174432497013115,0
2024,7,-2.7333333333333343,-0.5666666666666682,2.1666666666666643,5.2666666666666675,3.2666666666666657,0
2024,1,-4.9210233592881,3.120133481646274,0.6229143492769751,-6.378197997775306,-4.367074527252504,0
2024,1,0.032258064516128115,1.0,-0.7741935483870961,2.806451612903226,1.161290322580646,1
2024,1,3.327620967741936,0.75,-2.088709677419356,0.566532258064516,0.960685483870968,1
2024,5,-11.453837597330363,1.7041156840934377,1.2380422691879858,-5.269187986651836,-3.1067853170189093,1
2024,-8,14.848484848484858,6.272727272727272,2.72727272727273,10.060606060606059,7.121212121212123,1
2024,3,1.7184750733137832,3.300097751710654,-2.663734115347019,2.8132942326490724,2.245356793743891,0
2024,7,-17.159274193548384,-2.503024193548388,-5.492943548387096,-0.6713709677419359,-0.769153225806452,0
2024,5,-2.841642228739005,-3.309872922776149,0.47507331378299256,0.1564027370478982,-0.5522971652003914,0
2024,7,-7.737132352941174,-1.1856617647058822,0.22058823529411598,-2.522058823529413,-1.7610294117647065,0
2024,-3,5.512121212121215,-6.4787878787878785,2.0060606060606077,-1.6818181818181834,-1.003030303030302,1
2024,-1,4.712121212121218,2.142424242424241,-0.6030303030303052,1.672727272727272,2.009090909090908,1
2024,-1,2.644048943270292,-5.5784204671857625,-2.0956618464961068,0.6073414905450516,0.9054505005561744,1
2024,-7,18.203323558162268,0.37927663734115313,8.149560117302055,0.0596285434995103,1.6256109481915928,1
2024,-3,-2.1173020527859308,-1.9227761485826012,1.9423264907135867,-0.20625610948191664,-0.34115347018572884,1
2024,5,-10.219758064516128,2.806451612903226,-1.7600806451612918,4.181451612903224,1.525201612903226,0
2024,5,-4.376344086021504,-4.740860215053763,-1.9752688172043023,-3.306451612903224,-1.3827956989247312,0
2024,7,-6.516129032258064,-3.129032258064516,-0.35483870967741993,0.35483870967741993,-0.3870967741935498,0
2024,1,-3.6363636363636402,-2.3939393939393945,1.0303030303030312,3.2727272727272716,1.8484848484848477,1
2024,-1,7.5423387096774235,2.451612903225806,-3.014112903225808,4.044354838709678,3.829637096774194,0
2024,3,-6.579741379310349,-6.3717672413793105,-4.201508620689655,-2.7737068965517224,-1.1217672413793096,0
2024,3,0.006238859180044187,-1.120320855614974,0.16755793226381144,-6.707664884135474,-3.4144385026737982,0
2024,-4,11.298142717497555,-2.169110459433041,1.7243401759530812,1.5816226783968723,1.1485826001955033,1
2024,4,-17.36461388074291,-0.1212121212121211,-4.020527859237539,-3.4467253176930583,-3.561094819159335,0
2024,1,8.98729227761487,2.1955034213098727,0.9247311827956999,9.920821114369502,7.514173998044967,1
2024,4,0.12903225806452667,1.096774193548388,1.774193548387096,-3.38709677419355,-3.225806451612904,0
2024,2,-7.387700534759361,-2.7263814616755795,5.8645276292335105,-2.9500891265597176,-1.5356506238859193,1
2024,2,-14.417338709677423,-4.857862903225806,-1.2671370967741922,-4.606854838709678,-2.704637096774194,0
2024,2,5.201368523949171,-2.330400782013685,1.4340175953079175,-3.3538611925708715,-2.3998044965786907,1
2024,-2,6.151515151515142,-5.848484848484848,0.5151515151515156,-7.151515151515152,-4.727272727272728,1
2024,2,-12.969696969696969,-1.0,-2.90909090909091,-4.09090909090909,-3.6060606060606055,0
2024,2,-12.244318181818187,-3.1032196969696972,-0.3248106060606055,-0.49053030303030454,0.6316287878787872,0
2024,0,6.785984848484844,-3.285037878787879,-1.5369318181818166,0.38825757575757436,2.1467803030303028,0
2025,0,10.335497835497833,-2.5573593073593077,5.76731601731602,6.8149350649350655,4.904761904761905,1
2025,0,-5.96306818181818,0.5378787878787872,-3.8181818181818166,1.194128787878789,0.013257575757576134,1
2025,0,0.979525862068968,4.921336206896552,-1.0204741379310356,6.570043103448278,2.3911637931034484,1
2025,0,3.74166666666666,-2.4541666666666666,-1.533333333333335,3.53125,2.9104166666666664,0
2025,-9,2.126838235294116,3.1213235294117645,4.148897058823529,2.091911764705884,0.523897058823529,1
2025,-13,4.5965909090909065,5.986742424242424,0.7045454545454533,-0.5861742424242422,-2.4015151515151523,1
2025,1,-6.376344086021504,-3.3086021505376344,-0.3967741935483886,-0.03010752688172147,0.5150537634408607,1
2025,7,-7.079178885630498,-0.48093841642228696,-3.6177908113392014,-2.206256109481915,-1.5972629521016621,0
2025,-9,6.156321839080462,-1.5172413793103452,2.7356321839080486,0.9816091954022994,1.077011494252874,1
2025,-3,-3.8377016129032313,2.22983870967742,-4.032258064516128,-0.5241935483870961,-0.8346774193548381,1
2025,5,-1.0037878787878753,-3.097537878787879,3.3655303030303045,2.0113636363636367,1.145833333333334,0
2025,7,-4.154545454545456,-5.1060606060606055,4.209090909090907,-3.621212121212121,-2.0090909090909097,0
2025,-11,8.772177419354833,2.081653225806452,3.081653225806452,-4.495967741935484,-2.673387096774194,1
2025,9,-6.960215053763434,-0.21720430107526845,-2.3892473118279582,-2.188172043010752,0.10860215053763511,0
2025,3,-15.360416666666666,-3.3874999999999993,1.533333333333335,-3.352083333333333,-3.9958333333333336,1
2025,1,4.845643939393938,4.579545454545454,0.4024621212121211,0.07859848484848442,0.008522727272726627,0
2025,-15,9.174503657262278,2.726227795193312,2.249738766980144,-3.386624869383489,-2.688610240334379,1
2025,13,-11.221568627450992,0.6411764705882348,-1.8549019607843142,-0.8627450980392162,-0.44901960784313744,0
2025,7,-21.19354838709677,-3.9257086999022484,0.3401759530791786,-1.4848484848484844,-0.7702834799608986,0
2025,15,-21.40625,-2.15625,-6.96875,1.6875,0.0,0
2025,-7,10.292338709677423,1.463709677419354,1.9586693548387082,3.35483870967742,0.8407258064516121,1
2025,13,-7.3568627450980415,3.288235294117646,-0.8470588235294123,6.02156862745098,3.264705882352942,0
2025,-5,14.516129032258064,-0.41935483870967794,2.35483870967742,0.032258064516128115,1.290322580645162,1
2025,1,0.9249999999999972,-1.927083333333334,-0.904166666666665,-7.756250000000001,-6.0479166666666675,0
2025,-5,-13.46875,-1.21875,0.03125,-2.65625,-3.59375,1
2025,-11,16.454545454545453,6.446022727272727,3.375,6.023674242424242,4.1155303030303045,1
2025,-9,7.527083333333337,0.2354166666666675,3.260416666666668,6.397916666666667,5.654166666666665,1
2025,3,-10.07142857142857,0.1119047619047624,-2.2714285714285722,-7.7595238095238095,-5.423809523809524,0
2025,-1,-2.2727272727272663,-2.9356060606060606,-0.47916666666666785,0.15056818181818343,0.22916666666666607,0
2025,-13,15.46875,3.125,5.59375,5.90625,3.8125,1
2025,-11,8.639928698752222,1.758467023172905,-0.9411764705882355,-0.7058823529411757,-1.7344028520499108,1
2025,11,-14.025201612903231,-2.256048387096774,-7.059475806451612,-1.76108870967742,-2.227822580645162,0
2025,-3,0.6096774193548384,2.4924731182795705,-0.14731182795699027,2.1913978494623656,1.1462365591397852,0
2025,-15,17.316176470588232,5.1360294117647065,-0.7941176470588225,9.090073529411764,7.5496323529411775,1
2025,15,-20.15531660692951,-2.6511350059737158,-3.8207885304659506,-4.253285543608122,-4.4563918757467125,0
2025,5,-2.4226918798665196,2.9566184649610676,0.6740823136818683,-2.1023359288097865,-3.8275862068965516,0
2025,-8,5.675757575757572,3.124242424242423,-0.07878787878788174,-0.10909090909090935,-0.2181818181818187,1
2025,1,3.5830721003134727,0.06269592476489017,-0.6447230929989551,-0.14524555903866343,-1.0679205851619642,1
2025,-1,2.270588235294113,-1.6078431372549016,4.084313725490194,-2.470588235294116,-2.3156862745098046,0
2025,3,-6.584677419354833,-0.39415322580645196,-4.675403225806452,1.495967741935484,0.735887096774194,0
2025,8,-10.194525904203317,-7.226783968719452,-2.0361681329423256,-1.3998044965786924,-0.6940371456500483,0
2025,5,-5.394686907020883,2.7960151802656554,-4.120493358633777,2.6963946869070217,1.407969639468691,0
2025,-1,-8.426881720430103,-5.040860215053764,0.6795698924731184,2.833333333333332,1.9236559139784948,0
2025,7,-6.564393939393938,-5.360795454545454,-3.089962121212121,-2.2035984848484844,-1.1647727272727266,0
2025,-8,4.723529411764716,0.6784313725490199,-1.9196078431372534,-5.654901960784313,-3.731372549019609,1
2025,3,2.7390029325513154,-4.211143695014663,-1.741935483870968,-2.98435972629521,-1.0772238514174006,0
2025,1,-1.5784946236559136,-1.4279569892473134,-0.48924731182795966,-5.011827956989247,-5.063440860215053,0
2025,5,2.65625,1.3791666666666664,-3.7687500000000007,4.616666666666667,4.129166666666666,0
2025,-3,-4.988614800759024,-0.9003795066413662,4.284629981024668,-3.22201138519924,-3.764705882352942,1
2025,3,-10.9375,-3.71875,-4.15625,-1.6875,-1.15625,0
2025,7,-7.741176470588229,-4.990196078431373,2.2607843137254875,-3.458823529411763,-1.93921568627451,0
2025,8,-5.451612903225808,-0.47983870967741993,0.10282258064516014,-5.25907258064516,-4.981854838709676,0
2025,-1,3.0267379679144426,2.453654188948306,-2.6042780748663112,0.46345811051693353,0.6131907308377897,1
2025,1,7.610795454545453,5.039772727272727,0.03125,5.492424242424242,4.8655303030303045,1
2025,3,-0.5515151515151473,-1.218181818181817,-0.7727272727272698,5.063636363636363,3.724242424242423,0
2025,4,-2.924999999999997,1.260416666666666,-5.935416666666665,4.78125,2.9958333333333336,0
2025,-1,-4.39522058823529,-3.6507352941176467,-5.509191176470587,-7.994485294117647,-5.202205882352942,1
2025,1,7.121442125237181,1.0540796963946875,3.5246679316888034,1.5996204933586338,1.569259962049335,0
2025,4,8.252371916508537,0.9506641366223896,0.18121442125237053,-5.0588235294117645,-4.996204933586339,0
2025,4,-2.1788856304985416,-3.809384164222875,0.7145650048875858,-6.987292277614857,-6.176930596285434,0
2025,1,-6.575757575757578,-0.06060606060606055,-3.4848484848484844,-1.5454545454545467,-2.3939393939393945,0
2025,2,5.829545454545453,2.8210227272727266,0.03125,6.523674242424242,4.8655303030303045,0
2025,1,-0.6280834914610978,-3.9430740037950667,-1.0626185958254268,-9.878557874762807,-7.684060721062618,1
2025,1,-1.3529411764705799,-4.264705882352942,2.882352941176471,-7.529411764705882,-5.8235294117647065,0
2025,1,2.19852941176471,-3.4944852941176467,-2.321691176470587,-4.306985294117647,-2.702205882352942,1
2025,0,1.5436720142602525,-1.338680926916222,3.73351158645276,-4.75579322638146,-3.4634581105169353,1
2025,1,0.33868092691622564,-4.073083778966131,-1.2923351158645247,-5.891265597147951,-4.507130124777184,1
